id,speaker,line,addressee,confidence,reasoning,masu_count,desu_count,gozaimasu_count,honorific_verb_count,humble_verb_count,total_polite_count,polite_density
1,お父さん,千尋！,千尋,high,Father is calling out Chihiro's name directly.,0,0,0,0,0,0,0.0000
2,お父さん,もうすぐだよ。,千尋,high,"Father is speaking to his daughter about their arrival, using casual speech pattern.",0,0,0,0,0,0,0.0000
3,お母さん,やっぱり田舎ねぇ。,お父さん,medium,"Mother is making an observation about the countryside, likely directed at her husband.",0,0,0,0,0,0,0.0000
4,お母さん,買い物は隣町に行くしかなさそうね。,group:family,medium,"Mother is making a general observation about shopping, addressing the family group.",0,0,0,0,0,0,0.0000
5,お父さん,住んで都にするしかないさ。,お母さん,high,Father is responding to mother's comment with a counter-argument.,0,0,0,0,0,0,0.0000
6,お父さん,ほら、あれが小学校だよ。,千尋,high,Father is pointing out the school to his daughter using 'ほら' (look).,0,0,0,0,0,0,0.0000
7,お父さん,千尋、新しい学校だよ。,千尋,high,Father is directly addressing Chihiro by name about her new school.,0,0,0,0,0,0,0.0000
8,お母さん,結構きれいな学校じゃない？,group:family,medium,"Mother is making a general observation about the school, likely to the family group.",0,0,0,0,0,0,0.0000
9,千尋,前のほうがいいもん。,group:family,medium,"Chihiro is expressing her preference, likely responding to parents' comments about the new school.",0,0,0,0,0,0,0.0000
10,千尋,あっ…ああ！,self,high,"Chihiro is reacting with exclamations to something she sees, not addressing anyone specifically.",0,0,0,0,0,0,0.0000
11,千尋,お母さん！お花しおれてっちゃった。,お母さん,high,千尋 is calling out to her mother about the wilted flowers.,0,0,0,0,0,0,0.0000
12,お母さん,あなたずーっと握りしめてるんだもの。,千尋,high,お母さん is responding to 千尋's complaint by explaining why the flowers wilted.,0,0,0,0,0,0,0.0000
13,お母さん,お家に着いたら、水切りすれば大丈夫よ。,千尋,high,お母さん continues giving advice to 千尋 about what to do when they get home.,0,0,0,0,0,0,0.0000
14,千尋,初めてもらった花束がお別れの花束なんて悲しい。,self,high,"千尋 is expressing her own feelings in a musing tone, not directly addressing anyone.",0,0,0,0,0,0,0.0000
15,お母さん,あら。この前のお誕生日にバラの花をもらったじゃない？,千尋,high,お母さん is responding directly to 千尋's statement by referencing a previous birthday gift.,0,0,0,0,0,0,0.0000
16,千尋,１本ね。１本じゃ花束って言えないわ。,お母さん,high,千尋 is countering her mother's point about the previous flower gift.,0,0,0,0,0,0,0.0000
17,お母さん,カードが落ちたわ。,千尋,high,"お母さん is informing 千尋 that a card has fallen, presumably while attending to the flowers.",0,0,0,0,0,0,0.0000
18,お母さん,窓開けるわよ。,group:family in car,high,"お母さん is announcing she will open the window, addressing the general occupants of the car.",0,0,0,0,0,0,0.0000
19,お母さん,もう、シャンとしてちょうだい。,千尋,high,お母さん is scolding 千尋 to cheer up or behave properly.,0,0,0,0,0,0,0.0000
20,お母さん,今日は忙しいんだから。,千尋,high,"お母さん is explaining to 千尋 that she is busy today, continuing to address her daughter.",0,0,0,0,0,0,0.0000
21,お父さん,あれ？道を間違えたかな。,self,high,"お父さん is speaking to himself, wondering aloud if he took a wrong turn.",0,0,0,0,0,0,0.0000
22,お父さん,おかしいなぁ。,self,high,"お父さん is muttering to himself, expressing confusion about the situation.",0,0,0,0,0,0,0.0000
23,お母さん,あそこじゃない？ほら。,お父さん,high,お母さん is responding to お父さん's confusion and pointing out a location to him.,0,0,0,0,0,0,0.0000
24,お父さん,ん？,お母さん,high,お父さん is responding to お母さん's suggestion with a brief acknowledgment.,0,0,0,0,0,0,0.0000
25,お母さん,あの隅の青い家でしょう？,お父さん,high,"お母さん is clarifying which house she meant, continuing to address her husband.",0,1,0,0,0,1,0.0833
26,お父さん,あれだ。,self,high,お父さん is confirming to himself that he found the correct location.,0,0,0,0,0,0,0.0000
27,お父さん,１本下の道を来ちゃったんだな。,self,high,お父さん is explaining to himself what mistake he made in navigation.,0,0,0,0,0,0,0.0000
28,お父さん,このまま行って行けないかなぁ…。,group:family,medium,"お父さん is wondering aloud about continuing on the current path, addressing his family implicitly.",0,0,0,0,0,0,0.0000
29,お母さん,やめてよ、そうやっていつも迷っちゃうんだから。,お父さん,high,"お母さん is directly addressing her husband, criticizing his habit of getting lost.",0,0,0,0,0,0,0.0000
30,お父さん,ちょっとだけ。ねっ？,お母さん,high,"お父さん is responding to お母さん's protest, asking for her permission to explore the side road.",0,0,0,0,0,0,0.0000
31,千尋,あの家みたいの何？,group:parents,high,"千尋 is asking about a structure she sees, directing the question to whoever can explain it.",0,0,0,0,0,0,0.0000
32,お母さん,石のほこら。神様のお家よ。,千尋,high,お母さん is directly answering 千尋's question about the stone shrine.,0,0,0,0,0,0,0.0000
33,千尋,お父さん、大丈夫？,お父さん,high,千尋 is asking if her father is okay after the car's rough movement.,0,0,0,0,0,0,0.0000
34,お父さん,任せとけ。この車は四駆だぞ。,千尋,high,お父さん is reassuring 千尋 about his driving ability with the four-wheel drive vehicle.,0,0,0,0,0,0,0.0000
35,お母さん,千尋、座ってなさい。,千尋,high,お母さん is directly commanding 千尋 to sit down during the car ride.,0,0,0,1,0,1,0.1000
36,千尋,わっ…わっ…うわっ！,self,high,"千尋's exclamations are reactions to the rough car movement, not addressed to anyone specific.",0,0,0,0,0,0,0.0000
37,千尋,ああー！,self,high,"千尋's cry is an emotional reaction to the car entering the tunnel, not addressed to anyone.",0,0,0,0,0,0,0.0000
38,お母さん,あなた！いいかげんにして！,お父さん,high,お母さん is scolding her husband (あなた) for his reckless driving behavior.,0,0,0,0,0,0,0.0000
39,お父さん,トンネルだ！,group:family,high,お父さん is announcing the observation of a tunnel to the family in the car.,0,0,0,0,0,0,0.0000
40,お母さん,なぁに？この建物。,group:family,medium,"お母さん is asking about the building they've discovered, likely directed at the family present.",0,0,0,0,0,0,0.0000
41,お父さん,門みたいだね。,お母さん,high,お父さん is responding to お母さん's previous question about the building.,0,0,0,0,0,0,0.0000
42,お母さん,あなた！,お父さん,high,お母さん is calling out to her husband to stop or get his attention.,0,0,0,0,0,0,0.0000
43,お母さん,戻りましょう！あなた。,お父さん,high,"お母さん is directly addressing あなた (you), referring to お父さん as the subject.",1,0,0,0,0,1,0.0909
44,お母さん,千尋。,千尋,high,お母さん calls out her daughter's name directly.,0,0,0,0,0,0,0.0000
45,お母さん,もう…。,self,high,"This is an interjection expressing frustration, not directed at anyone specific.",0,0,0,0,0,0,0.0000
46,お父さん,何だ。モルタル製か。,self,high,お父さん is speaking his observation aloud to himself while examining the building.,0,0,0,0,0,0,0.0000
47,お父さん,結構新しい建物だよ。,group:family,medium,お父さん is sharing his observation with his family members present.,0,0,0,0,0,0,0.0000
48,千尋,あっ…。,self,high,"千尋 is reacting with a vocalization, not addressing anyone.",0,0,0,0,0,0,0.0000
49,千尋,風を吸い込んでる。,self,high,千尋 is making an observation about what she notices about the building.,0,0,0,0,0,0,0.0000
50,お母さん,なぁに？,千尋,high,お母さん is asking what 千尋 just said in response to her observation.,0,0,0,0,0,0,0.0000
51,お父さん,ちょっと行ってみない？向こうへ抜けられるんだ。,お母さん," 千尋",high,0,0,0,0,0,0,0.0000
52,千尋,ここイヤだ！戻ろう、お父さん！,お父さん,high,Chihiro is directly addressing her father with a plea to turn back,0,0,0,0,0,0,0.0000
53,お父さん,何だ。怖がりだな、千尋は。,千尋,high,"Father is teasing Chihiro about being timid, addressing her directly",0,0,0,0,0,0,0.0000
54,お父さん,ねっ？ちょっとだけ。,千尋,high,Father is persuading Chihiro to go just a little further,0,0,0,0,0,0,0.0000
55,お母さん,引っ越しセンターのトラックが来ちゃうわよ。,お父さん,high,Mother is addressing father about the moving truck arrival,0,0,0,0,0,0,0.0000
56,お父さん,平気だよ。鍵は渡してあるし。,お母さん,high,Father is reassuring mother that they have time,0,0,0,0,0,0,0.0000
57,お父さん,全部やってくれるんだろ？,お母さん,high,Father is asking mother if the movers will handle everything,0,0,0,0,0,0,0.0000
58,お母さん,そりゃそうだけど…。,お父さん,high,Mother is responding to father's question about the movers,0,0,0,0,0,0,0.0000
59,千尋,イヤだ！私、行かないよ！,group:parents,high,Chihiro is expressing refusal to her parents,0,0,0,0,0,0,0.0000
60,千尋,戻ろうよ、お父さん！,お父さん,high,Chihiro is directly pleading with her father to go back,0,0,0,0,0,0,0.0000
61,お父さん,おいで。平気だよ。,千尋,high,Father calling his daughter to follow him reassuringly.,0,0,0,0,0,0,0.0000
62,千尋,私、行かない！,self,high,"Chihiro expressing her own refusal, internal declaration.",0,0,0,0,0,0,0.0000
63,千尋,うっ…。,self,high,"Sound of distress from Chihiro, not directed at anyone specific.",0,0,0,0,0,0,0.0000
64,千尋,あっ！,self,high,"Exclamation of surprise or alarm, not addressed to anyone.",0,0,0,0,0,0,0.0000
65,お母さん,千尋は車の中で待ってなさい。,千尋,high,Mother giving direct instruction to her daughter Chihiro.,0,0,0,1,0,1,0.0714
66,千尋,ん…。,self,high,"Chihiro's brief acknowledgment, self-directed response.",0,0,0,0,0,0,0.0000
67,千尋,お母さーん！,group:parents,high,"Chihiro calling out desperately to her mother, using the honorific form.",0,0,0,0,0,0,0.0000
68,千尋,待ってー！,group:parents,high,Chihiro calling out to her parents to wait for her.,0,0,0,0,0,0,0.0000
69,お父さん,足元気をつけな。,group:family members,high,Father warning family members to be careful with their footing.,0,0,0,0,0,0,0.0000
70,お母さん,千尋、そんなにくっつかないでよ。,千尋,high,Mother directly addressing Chihiro to stop clinging so closely.,0,0,0,0,0,0,0.0000
71,お母さん,歩きにくいわ。,group:family,medium,"Complaint about difficulty walking, likely directed at those nearby (family members).",0,0,0,0,0,0,0.0000
72,千尋,ここどこ？,group:family,high,Chihiro asking a question to her parents/family about their location.,0,0,0,0,0,0,0.0000
73,お母さん,あっ！ほら、聞こえる。,千尋,high,Mother drawing daughter's attention to a sound she hears.,0,0,0,0,0,0,0.0000
74,千尋,電車の音！,self,high,Chihiro recognizing and identifying the sound she hears as a train.,0,0,0,0,0,0,0.0000
75,お母さん,案外駅が近いのかもしれないね。,group:family,high,Mother speculating about their location to the family group.,0,0,0,0,0,0,0.0000
76,お父さん,行こう。すぐ分かるさ。,group:family,high,Father giving direction/instruction to the group to proceed.,0,0,0,0,0,0,0.0000
77,千尋,こんなとこに家がある…。,self,medium,Chihiro's observation/reaction to seeing a house in an unexpected location.,0,0,0,0,0,0,0.0000
78,お父さん,やっぱり間違いないな。,group:family,high,Father confirming his suspicion to the family.,0,0,0,0,0,0,0.0000
79,お父さん,テーマパークの残骸だよ、これ。,group:family,high,Father explaining what the location is to his family members.,0,0,0,0,0,0,0.0000
80,お父さん,１９９０年頃に、あっちこっちでたくさん計画されてさ。,group:family,high,Father continuing to explain the history of the theme park to his family.,0,0,0,0,0,0,0.0000
81,お父さん,バブルがはじけて、みんなつぶれちゃったんだ。,千尋,high,お父さん is explaining the theme park situation to his daughter who expressed concern about the location.,0,0,0,0,0,0,0.0000
82,お父さん,これもその１つだよ、きっと。,千尋,high,"Continuing explanation from previous line, confirming the abandoned building is one of those failed theme parks.",0,0,0,0,0,0,0.0000
83,千尋,えー？！まだ行くの？！,お父さん,high,千尋 is directly questioning and protesting her father's decision to continue exploring.,0,0,0,0,0,0,0.0000
84,千尋,お父さん、もう帰ろうよ！,お父さん,high,千尋 is directly pleading with her father by name to turn back.,0,0,0,0,0,0,0.0000
85,千尋,ねえー！,group:family,high,"千尋's repeated call to get attention, likely addressed to both parents who are not responding.",0,0,0,0,0,0,0.0000
86,千尋,お母さん、あの建物うなってるよ。,お母さん,high,千尋 is pointing out the building to her mother and asking about the strange noise.,0,0,0,0,0,0,0.0000
87,お母さん,風鳴りでしょ？,千尋,high,お母さん is responding to 千尋's question about the noise with an explanation.,0,0,0,0,0,0,0.0000
88,お母さん,気持いいとこねぇ。,group:family,medium,"お母さん is making a general comment about the pleasant location, likely to the family group.",0,0,0,0,0,0,0.0000
89,お母さん,車の中のサンドイッチ持って来ればよかった。,self,high,お母さん is expressing regret in a self-directed thought about not bringing food.,0,0,0,0,0,0,0.0000
90,お父さん,川を造ろうとしたんだね。,group:family,medium,"お父さん is making an observation about the location's purpose, likely addressed to family members.",0,0,0,0,0,0,0.0000
91,お父さん,ん？,self,high,"Exclamation in response to noticing a smell, directed at no one in particular.",0,0,0,0,0,0,0.0000
92,お父さん,何かにおわない？,group:family,high,Father asking a general question to his family members nearby.,0,0,0,0,0,0,0.0000
93,お父さん,ほら、うまそうなにおいがする。,group:family,high,Father pointing out and sharing an observation with his family.,0,0,0,0,0,0,0.0000
94,お母さん,あら、ホントね。,お父さん,high,Mother responding affirmatively to father's observation about the smell.,0,0,0,0,0,0,0.0000
95,お父さん,まだやってるのかもしれないよ、ここ。,group:family,high,Father speculating about the location to his family members.,0,0,0,0,0,0,0.0000
96,お母さん,千尋、早くしなさい。,千尋,high,Mother directly addressing Chihiro by name to hurry her along.,0,0,0,1,0,1,0.1000
97,千尋,待ってー！,group:family,high,Chihiro calling out to her parents as she catches up.,0,0,0,0,0,0,0.0000
98,お父さん,こっちだ。,group:family,high,Father directing the group to follow him in a particular direction.,0,0,0,0,0,0,0.0000
99,お母さん,あきれた。これ全部食べ物屋よ。,group:family,high,Mother expressing surprise to her family about the discovery of food stalls.,0,0,0,0,0,0,0.0000
100,千尋,誰もいないね。,group:family,high,Chihiro commenting to her family about the absence of people.,0,0,0,0,0,0,0.0000
101,お父さん,ん？,self,high,Questioning exclamation to himself upon noticing something.,0,0,0,0,0,0,0.0000
102,お父さん,あそこだ！,group:family,high,Directing family members to look at a location he spots.,0,0,0,0,0,0,0.0000
103,お父さん,おーい！おーい！,unknown,medium,"Calling out to someone unseen, likely trying to get attention of restaurant staff or inhabitants.",0,0,0,0,0,0,0.0000
104,お父さん,こっちこっち。,group:family,high,Directing family members to follow him to a specific location.,0,0,0,0,0,0,0.0000
105,お母さん,わぁ、すごいわね！,group:family,high,Responding in wonder about the surroundings to family members present.,0,0,0,0,0,0,0.0000
106,お父さん,すみませーん！どなたかいませんかー？,unknown,high,Politely calling out to request service from an unseen restaurant worker or staff member.,2,0,0,0,0,2,0.1111
107,千尋,千尋もおいで。おいしそうよ。,千尋,high,Mother directly addressing Chihiro by name to invite her to look at food.,0,0,0,0,0,0,0.0000
108,お父さん,すみませーん！,unknown,high,Repeating a polite call for service to unseen staff.,1,0,0,0,0,1,0.1429
109,お母さん,いいわよ。そのうち来たら、お金を払えばいいんだから。,千尋,high,Mother addressing Chihiro directly about paying later when someone arrives.,0,0,0,0,0,0,0.0000
110,お父さん,そうだな。,お母さん,high,Father agreeing with mother's statement about payment.,0,0,0,0,0,0,0.0000
111,お父さん,そっちにいいやつが…。,お母さん,high,お父さん is pointing out food to his wife who is eating nearby.,0,0,0,0,0,0,0.0000
112,お母さん,これ、何ていう鳥かしら？,self,high,お母さん is wondering aloud to herself about what kind of bird she's eating.,0,0,0,0,0,0,0.0000
113,お母さん,おいしい！千尋、すっごくおいしいよ。,千尋,high,お母さん is directly addressing 千尋 by name and trying to convince her to eat.,0,0,0,0,0,0,0.0000
114,千尋,いらない！,お母さん,high,千尋 is refusing the food that お母さん just offered her.,0,0,0,0,0,0,0.0000
115,千尋,ねえ、帰ろう。お店の人に怒られるよ。,group:parents,high,千尋 is pleading with both parents to leave because she's worried about the shop owner.,0,0,0,0,0,0,0.0000
116,お父さん,大丈夫、お父さんがついてるんだから。,千尋,high,お父さん is reassuring his daughter that it's okay because he's there with her.,0,0,0,0,0,0,0.0000
117,お父さん,カードも財布も持ってるし。,千尋,high,お父さん continues reassuring 千尋 by mentioning he has credit card and wallet.,0,0,0,0,0,0,0.0000
118,お母さん,千尋も食べな。骨までやわらかいよ。,千尋,high,お母さん is directly addressing 千尋 and encouraging her to eat the food.,0,0,0,0,0,0,0.0000
119,お父さん,からし。,お母さん,high,お父さん is requesting mustard and handing it to his wife.,0,0,0,0,0,0,0.0000
120,お母さん,ありがとう。,お父さん,high,お母さん is thanking お父さん for passing her the mustard.,0,0,0,0,0,0,0.0000
121,千尋,お母さん！お父さん！,group:parents,high,千尋 is calling out to both her parents in succession.,0,0,0,0,0,0,0.0000
122,千尋,変なの…。,self,high,Internal observation expressed as a comment to herself about something strange.,0,0,0,0,0,0,0.0000
123,千尋,電車だ！,self,high,Expression of realization/discovery spoken aloud to herself.,0,0,0,0,0,0,0.0000
124,ハク,ハっ…。,self,high,"ハク makes a surprised sound/intake of breath, not directed at anyone.",0,0,0,0,0,0,0.0000
125,千尋,ん？,ハク,high,千尋 responds with a questioning sound directly after ハク's exclamation.,0,0,0,0,0,0,0.0000
126,ハク,ここへ来てはいけない！すぐ戻れ！,千尋,high,ハク is warning and commanding 千尋 to leave immediately.,0,0,0,0,0,0,0.0000
127,千尋,えっ？,ハク,high,千尋 expresses confusion/surprise in response to ハク's urgent warning.,0,0,0,0,0,0,0.0000
128,ハク,じきに夜になる。その前に早く戻れ！,千尋,high,ハク continues urgently commanding 千尋 to leave before nightfall.,0,0,0,0,0,0,0.0000
129,ハク,もう明かりが入った。急いで！,千尋,high,ハク continues urgent commands to 千尋 to hurry.,0,0,0,0,0,0,0.0000
130,ハク,私が時間をかせぐ。川の向こうへ走れ！,千尋,high,"ハク gives final instructions to 千尋, explaining his plan and where she should run.",0,0,0,0,0,0,0.0000
131,千尋,何よ？あいつ。,self,high,Chihiro is expressing her confusion about Haku's behavior to herself.,0,0,0,0,0,0,0.0000
132,千尋,お父さーん！,お父さん,high,Chihiro is calling out to her father by name.,0,0,0,0,0,0,0.0000
133,千尋,お父さん、帰ろう！,お父さん,high,Chihiro is directly addressing her father with an imperative to go home.,0,0,0,0,0,0,0.0000
134,千尋,帰ろう、お父さん！,お父さん,high,Chihiro is directly addressing her father with the imperative to return home.,0,0,0,0,0,0,0.0000
135,千尋,あーっ！,self,high,Chihiro is expressing a reaction of shock or fear to herself.,0,0,0,0,0,0,0.0000
136,千尋,うわー！！キャー！！,self,high,Chihiro is screaming in fear or surprise as a reflexive expression.,0,0,0,0,0,0,0.0000
137,千尋,お父さーん！お母さーん！,group:parents,high,Chihiro is calling out to both her father and mother in panic.,0,0,0,0,0,0,0.0000
138,千尋,お母さーん！,お母さん,high,Chihiro is calling out to her mother by name.,0,0,0,0,0,0,0.0000
139,千尋,水だ！,self,high,"Chihiro is making an observation about water, likely to herself in shock or realization.",0,0,0,0,0,0,0.0000
140,千尋,ウソ…。,self,high,Chihiro is expressing disbelief or denial to herself about what she is witnessing.,0,0,0,0,0,0,0.0000
141,千尋,夢だ！夢だ！,self,high,"Chihiro is talking to herself, trying to convince herself she's dreaming.",0,0,0,0,0,0,0.0000
142,千尋,覚めろ！覚めろ！覚めろ！,self,high,Chihiro is commanding herself to wake up from what she believes is a dream.,0,0,0,0,0,0,0.0000
143,千尋,覚めて…。,self,high,Chihiro is pleading with herself to wake up.,0,0,0,0,0,0,0.0000
144,千尋,これは夢だ。夢だ。,self,high,Chihiro is reassuring herself by repeating that this is a dream.,0,0,0,0,0,0,0.0000
145,千尋,みんな消えろ。消えろ。消えろ！,self,high,"Chihiro is commanding herself to make everything disappear, internal monologue.",0,0,0,0,0,0,0.0000
146,千尋,ああっ！透けてる！,self,high,Chihiro is reacting in alarm to noticing her own body becoming transparent.,0,0,0,0,0,0,0.0000
147,千尋,ああ！,self,high,Chihiro is expressing fear as she notices she is disappearing.,0,0,0,0,0,0,0.0000
148,千尋,夢だ！絶対夢だ！,self,high,Chihiro is trying to convince herself again that this must be a dream.,0,0,0,0,0,0,0.0000
149,千尋,ギャー！,self,high,Chihiro is screaming in panic at her fading body.,0,0,0,0,0,0,0.0000
150,千尋,ハっ！,self,high,"Chihiro is gasping, likely reacting to a sudden realization or change.",0,0,0,0,0,0,0.0000
151,ハク,怖がるな。私はそなたの味方だ。,千尋,high,"Hakk is speaking directly to Chihiro who is afraid, addressing her with 'そなた' (you).",0,0,0,0,0,0,0.0000
152,千尋,イヤ。イヤ！イヤ！,self,high,"Chihiro is repeating 'No' to herself in distress, not directed at another character.",0,0,0,0,0,0,0.0000
153,ハク,口を開けて。これを早く。,千尋,high,Haku is giving direct commands to Chihiro to open her mouth and eat quickly.,0,0,0,0,0,0,0.0000
154,ハク,この世界のものを食べないと、そなたは消えてしまう。,千尋,high,Haku is explaining the consequences to Chihiro using 'そなた' (you) and explaining what will happen to her specifically.,0,0,0,0,0,0,0.0000
155,千尋,イヤ！,self,high,"Chihiro is expressing her refusal, not addressing anyone in particular.",0,0,0,0,0,0,0.0000
156,千尋,あっ！,self,high,"Chihiro is making a surprised utterance, an interjection not directed at anyone.",0,0,0,0,0,0,0.0000
157,ハク,大丈夫。食べても豚にはならない。,千尋,high,"Haku is reassuring Chihiro directly, responding to her fears about the food.",0,0,0,0,0,0,0.0000
158,ハク,かんでのみなさい。,千尋,high,Haku is giving a direct command to Chihiro to chew and swallow.,0,0,0,1,0,1,0.1111
159,ハク,いい子だ。もう大丈夫。,千尋,high,Haku is praising and reassuring Chihiro directly after she eats.,0,0,0,0,0,0,0.0000
160,ハク,触ってごらん。,千尋,high,"Haku is giving a direct command to Chihiro to touch something, using imperative form.",0,0,0,0,0,0,0.0000
161,千尋,触れる…。,self,high,Chihiro is expressing her own realization about being able to touch things.,0,0,0,0,0,0,0.0000
162,ハク,ねっ？,千尋,high,"Haku is confirming to Chihiro that she can touch things, using 'ねっ?' as a rhetorical question directed at her.",0,0,0,0,0,0,0.0000
163,ハク,さっ、おいで。,千尋,high,Haku is instructing Chihiro to come with him using 'おいで' (come here).,0,0,0,0,0,0,0.0000
164,千尋,お父さんとお母さんは？どこ？,ハク,high,Chihiro is asking Haku about the whereabouts of her parents.,0,0,0,0,0,0,0.0000
165,千尋,豚なんかになってないよね？,ハク,high,Chihiro is continuing to address Haku with her worried question about her parents becoming pigs.,0,0,0,0,0,0,0.0000
166,ハク,今は無理だが、必ず会えるよ。,千尋,high,Haku is reassuring Chihiro about her parents' fate.,0,0,0,0,0,0,0.0000
167,ハク,静かに。,千尋,high,Haku is instructing Chihiro to be quiet in response to her anxious questions.,0,0,0,0,0,0,0.0000
168,ハク,そなたを捜しているのだ。,千尋,high,Haku is explaining to Chihiro that someone is searching for her.,0,0,0,0,0,0,0.0000
169,ハク,時間がない。走ろう！,千尋,high,Haku is urging Chihiro to run with him.,0,0,0,0,0,0,0.0000
170,千尋,ああ！立てない！どうしよう？,ハク,high,Chihiro is addressing Haku with her problem that she cannot stand up.,0,0,0,0,0,0,0.0000
171,千尋,力が入んない。,self,high,千尋 is commenting on her own physical state.,0,0,0,0,0,0,0.0000
172,ハク,落ち着いて。深く息を吸ってごらん。,千尋,high,ハク is giving direct instructions to 千尋 to help her calm down.,0,0,0,0,0,0,0.0000
173,ハク,そなたの内なる風と水の名において…解き放て。,千尋,high,ハク is casting a spell to help 千尋 using incantation directed at her.,0,0,0,0,0,0,0.0000
174,ハク,立って！,千尋,high,ハク is commanding 千尋 to stand up.,0,0,0,0,0,0,0.0000
175,千尋,あっ！ああ！,self,high,千尋 is reacting with exclamations to successfully standing up.,0,0,0,0,0,0,0.0000
176,ハク,橋を渡る間、息をしてはいけないよ。,千尋,high,ハク is giving 千尋 instructions about holding her breath while crossing the bridge.,0,0,0,0,0,0,0.0000
177,ハク,ちょっとでも吸ったり吐いたりすると、術が解けて、店の者に気づかれてしまう。,千尋,high,ハク is continuing to explain the consequences to 千尋 of not following the instruction.,0,0,0,0,0,0,0.0000
178,千尋,怖い。,self,high,千尋 is expressing her own emotion of fear.,0,0,0,0,0,0,0.0000
179,ハク,心を静めて。,千尋,high,ハク is giving 千尋 reassurance and instruction to calm her mind.,0,0,0,0,0,0,0.0000
180,蛙男,いらっしゃいませ。,group:bathhouse visitors,high,蛙男 is greeting customers arriving at the bathhouse counter.,1,0,0,1,0,1,0.1111
181,蛙男,お早いお着きで。,ハク,high,蛙男 greets the arriving customer (ハク) with a polite acknowledgment of early arrival.,0,0,0,0,0,0,0.0000
182,蛙男,いらっしゃいませ。いらっしゃいませ。,group:arriving guests,high,Generic welcoming phrase repeated to greet incoming customers at the bathhouse entrance.,2,0,0,2,0,2,0.1111
183,ハク,所用からの戻りだ。,蛙男,high,"ハク responds to the 蛙男's greeting, explaining his status as a returning employee.",0,0,0,0,0,0,0.0000
184,蛙男,へい！お戻りくださいませ。,ハク,high,"蛙男 acknowledges ハク's return with formal respect, addressing him directly.",1,0,0,1,0,1,0.0769
185,ハク,深く吸って…,千尋,high,ハク gives breathing instructions to 千尋 as she crosses the bridge.,0,0,0,0,0,0,0.0000
186,ハク,… 止めて。,千尋,high,ハク continues instructing 千尋 to hold her breath while crossing.,0,0,0,0,0,0,0.0000
187,湯女,いらっしゃーい！お待ちしてましたよ！,ハク,high,"湯女 enthusiastically greets ハク, showing they were expecting his return.",1,0,0,0,0,1,0.0556
188,ハク,しっかり。もう少し…。,千尋,high,ハク encourages 千尋 to hold steady and almost finish crossing the bridge.,0,0,0,0,0,0,0.0000
189,青蛙,ハク様ー！,ハク,high,"青蛙 calls out to ハク using the honorific title, showing recognition and greeting.",0,0,0,0,0,0,0.0000
190,青蛙,どこへ行っておった？,ハク,high,"青蛙 addresses ハク directly, questioning his whereabouts.",0,0,0,0,0,0,0.0000
191,千尋,わっ！,self,high,Exclamation of surprise or reaction to being discovered.,0,0,0,0,0,0,0.0000
192,青蛙,ゲっ？人か？,self,high,"青蛙 is reacting in surprise upon spotting 千尋, speaking to himself.",0,0,0,0,0,0,0.0000
193,ハク,走れ！,千尋,high,ハク is directly commanding 千尋 to run away from danger.,0,0,0,0,0,0,0.0000
194,湯女たち,あーれー！,group:bathhouse workers,high,湯女たち (multiple bath workers) are reacting in unison to the commotion.,0,0,0,0,0,0,0.0000
195,湯女たち,イヤーン！,group:bathhouse workers,high,湯女たち are continuing their collective reaction of fear or surprise.,0,0,0,0,0,0,0.0000
196,青蛙,ん？,self,medium,"青蛙 is making a questioning sound, possibly to himself as he processes what he detected.",0,0,0,0,0,0,0.0000
197,兄役,ハク様！ハク様！,ハク,high,"兄役 is calling out to ハク directly, addressing him by title.",0,0,0,0,0,0,0.0000
198,兄役,ええい？におわぬか？人が入り込んだぞ！,group:bathhouse workers,high,兄役 is alerting other staff members that a human has entered the bathhouse.,0,0,0,0,0,0,0.0000
199,兄役,人くさいぞ！人くさいぞ！,group:bathhouse workers,high,兄役 continues alerting staff about detecting human scent.,0,0,0,0,0,0,0.0000
200,ハク,感づかれたな。,self,high,ハク is making an internal observation that their presence has been detected.,0,0,0,0,0,0,0.0000
201,千尋,ごめん。私、息しちゃった。,ハク,high,千尋 is apologizing to ハク for breathing and being detected.,0,0,0,0,0,0,0.0000
202,ハク,いや、千尋はよく頑張った。,千尋,high,ハク is reassuring 千尋 that she did well.,0,0,0,0,0,0,0.0000
203,ハク,これからどうするか話すからよくお聞き。,千尋,high,"ハク is addressing 千尋 directly, asking her to listen carefully.",0,0,0,0,0,0,0.0000
204,ハク,ここにいては必ず見つかる。,千尋,high,ハク is explaining the situation to 千尋 about staying here.,0,0,0,0,0,0,0.0000
205,ハク,私が行ってごまかすから、そのすきに千尋はここを抜け出して…。,千尋,high,ハク is instructing 千尋 on what to do while he distracts others.,0,0,0,0,0,0,0.0000
206,千尋,イヤ！行かないで！,ハク,high,千尋 is protesting and pleading with ハク not to leave.,0,0,0,0,0,0,0.0000
207,千尋,ここにいて！お願い！,ハク,high,千尋 is begging ハク to stay with her.,0,0,0,0,0,0,0.0000
208,ハク,この世界で生き延びるためにはそうするしかないんだ。,千尋,high,"ハク is explaining to 千尋 why he must leave, addressing her directly.",0,0,0,0,0,0,0.0000
209,ハク,ご両親を助けるためにも。,千尋,high,ハク is reminding 千尋 of her parents as motivation for the plan.,0,0,0,0,0,0,0.0000
210,千尋,やっぱり豚になったの夢じゃないんだ。,self,high,"千尋 is processing the situation aloud to herself, not directly addressing anyone.",0,0,0,0,0,0,0.0000
211,ハク,ジッとして。,千尋,high,Haku is giving direct instructions to Chihiro who is in distress.,0,0,0,0,0,0,0.0000
212,ハク,騒ぎが静まったら、裏のくぐり戸から出られる。,千尋,high,Continuing direct instructions to Chihiro about how to escape.,0,0,0,0,0,0,0.0000
213,ハク,外の階段を一番下まで下りるんだ。,千尋,high,Continuing directions specifically for Chihiro to follow.,0,0,0,0,0,0,0.0000
214,ハク,そこにボイラー室の入り口がある。火をたく所だ。,千尋,high,Still providing step-by-step guidance to Chihiro.,0,0,0,0,0,0,0.0000
215,ハク,中にカマジイという人がいるから、カマジイに会うんだ。,千尋,high,Instructing Chihiro to find and meet Kamaji.,0,0,0,0,0,0,0.0000
216,千尋,カマジイ？,ハク,high,Chihiro is asking Haku a clarifying question about Kamaji.,0,0,0,0,0,0,0.0000
217,ハク,その人にここで働きたいって頼むんだ。,千尋,high,Haku is telling Chihiro what to say to Kamaji.,0,0,0,0,0,0,0.0000
218,ハク,断られても、ねばるんだよ。,千尋,high,Haku is giving Chihiro advice about persistence when asking Kamaji.,0,0,0,0,0,0,0.0000
219,ハク,ここでは仕事を持たない者は、湯バーバに動物にされてしまう。,千尋,high,"Haku is explaining the consequence of not having work, directed at Chihiro.",0,0,0,0,0,0,0.0000
220,千尋,湯バーバって？,ハク,high,Chihiro is asking Haku a question about who Yubaba is.,0,0,0,0,0,0,0.0000
221,ハク,会えばすぐに分かる。,千尋,high,"Haku is responding to Chihiro's question about Yubaba, continuing to explain what she is.",0,0,0,0,0,0,0.0000
222,ハク,ここを支配してる魔女だ。,千尋,high,Haku continues his explanation to Chihiro about Yubaba's role and nature.,0,0,0,0,0,0,0.0000
223,ハク,イヤだとか帰りたいとか言わせるように仕向けて来るけど、働きたいってだけ言うんだ。,千尋,high,Haku is giving direct advice to Chihiro on how to handle Yubaba's manipulation.,0,0,0,0,0,0,0.0000
224,ハク,つらくても、耐えて機会を待つんだよ。,千尋,high,Haku continues instructing Chihiro on how to survive and endure working at the bathhouse.,0,0,0,0,0,0,0.0000
225,ハク,そうすれば、湯バーバも手が出せない。,千尋,high,"Haku explains the consequence of following his advice, still addressing Chihiro.",0,0,0,0,0,0,0.0000
226,千尋,うん…。,ハク,high,"Chihiro gives a brief affirmative response to Haku, acknowledging she understands his instructions.",0,0,0,0,0,0,0.0000
227,湯女たち,ハク様ー！ハク様ー！,ハク,high,"The bathhouse workers are calling out to Haku, seeking his attention.",0,0,0,0,0,0,0.0000
228,ハク,行かなければ…。,千尋,high,"Haku is speaking to Chihiro, indicating he must leave to respond to the workers' calls.",0,0,0,0,0,0,0.0000
229,ハク,忘れないで。私は千尋の味方だからね。,千尋,high,"Haku is reassuring Chihiro directly before he departs, emphasizing his support for her.",0,0,0,0,0,0,0.0000
230,千尋,どうして私の名を知ってるの？,ハク,high,Chihiro is asking Haku a direct question about how he knows her name.,0,0,0,0,0,0,0.0000
231,ハク,そなたの小さい時から知っている。,千尋,high,ハク is responding directly to 千尋's previous question about how he knows her name.,0,0,0,0,0,0,0.0000
232,ハク,私の名はハクだ。,千尋,high,ハク is introducing himself in response to 千尋's inquiry.,0,0,0,0,0,0,0.0000
233,ハク,ハクはここにいるぞ！,group:bathhouse workers,high,ハク is announcing his presence to the 湯女たち who were calling for him.,0,0,0,0,0,0,0.0000
234,蛙男,ハク様、湯バーバ様が。,ハク,high,蛙男 is addressing ハク to inform him about 湯婆婆.,0,0,0,0,0,0,0.0000
235,ハク,分かっている。そのことで外へ出ていた。,蛙男,high,ハク is responding to 蛙男's message and explaining his absence.,0,0,0,0,0,0,0.0000
236,千尋,イヤ！,self,high,"千尋 is expressing her refusal, likely as an emotional outburst rather than directed at someone.",0,0,0,0,0,0,0.0000
237,千尋,キャっ！イヤ！イヤー！！,self,high,"千尋 is crying out in distress/fear, not addressing a specific person.",0,0,0,0,0,0,0.0000
238,千尋,イヤーーっ！,self,high,千尋 continues her distressed vocalization as internal protest.,0,0,0,0,0,0,0.0000
239,千尋,あ…あのう…。,unknown,medium,千尋's hesitant utterance could be directed at ハク or spoken as self-talk preparing to address someone.,0,0,0,0,0,0,0.0000
240,千尋,すいません…。,ハク,medium,"千尋 is likely apologizing to ハク, though the specific addressee is slightly ambiguous from context alone.",1,0,0,0,0,1,0.1429
241,千尋,あ…あのう…。,釜爺,high,"千尋 is hesitantly addressing someone she's just encountered, preparing to ask a question.",0,0,0,0,0,0,0.0000
242,千尋,あのう、カマジイさんですか？,釜爺,high,"千尋 directly asks if the person is Kamaji-san, clearly addressing the elderly man before her.",0,1,0,0,0,1,0.0714
243,釜爺,ん？,千尋,high,釜爺 responds with questioning sounds directed at the girl who just spoke to him.,0,0,0,0,0,0,0.0000
244,釜爺,ん？んー？,千尋,high,"釜爺 continues his questioning sounds in response to 千尋's statement, maintaining the conversation.",0,0,0,0,0,0,0.0000
245,千尋,あの、ハクという人に言われて来ました。,釜爺,high,"千尋 explains that Haku sent her, speaking directly to Kamaji.",1,0,0,0,0,1,0.0526
246,千尋,ここで働かせてください。,釜爺,high,"千尋 makes her request to work, addressed to Kamaji who can hire her.",0,0,0,1,0,1,0.0833
247,釜爺,んー…。,千尋,high,"釜爺 responds with a thoughtful sound, reacting to 千尋's request.",0,0,0,0,0,0,0.0000
248,釜爺,えーい…こんなに一度に…。,self,high,"釜爺 mutters a complaint about being suddenly overwhelmed with work, speaking to himself.",0,0,0,0,0,0,0.0000
249,釜爺,チビども、仕事だ！,group:boiler room workers,high,釜爺 issues a command to his workers (the little soot sprites/workers) to get to work.,0,0,0,0,0,0,0.0000
250,釜爺,わしゃあ、カマジイだ。風呂釜にこき使われとるジジイだ。,千尋,high,"釜爺 introduces himself to 千尋, explaining his role and status at the bathhouse.",0,0,0,0,0,0,0.0000
251,釜爺,チビども、早くせんか！,group:young workers,high,釜爺 is calling out to multiple young workers (チビども) to work faster.,0,0,0,0,0,0,0.0000
252,千尋,あの、ここで働かせてください！,釜爺,high,"千尋 is directly requesting employment from 釜爺, the bathhouse worker in charge.",0,0,0,1,0,1,0.0667
253,釜爺,へえ…手は足りとる。そこら中ススだらけだからな。,千尋,high,釜爺 is responding to 千尋's request by explaining they don't need more workers.,0,0,0,0,0,0,0.0000
254,釜爺,いくらでも代わりはおるわい。,千尋,high,釜爺 continues his explanation to 千尋 that there are replacements available.,0,0,0,0,0,0,0.0000
255,千尋,あっ、ごめんなさい。,釜爺,high,千尋 is apologizing to 釜爺 after being dismissed.,0,0,0,1,0,1,0.1000
256,千尋,あっ、ちょっと待って。,釜爺,high,千尋 is asking 釜爺 to wait as he begins to leave.,0,0,0,0,0,0,0.0000
257,釜爺,邪魔、邪魔。,千尋,high,"釜爺 is telling 千尋 she's in the way, dismissing her.",0,0,0,0,0,0,0.0000
258,千尋,あっ！,self,high,千尋's exclamation in response to being pushed or moved by 釜爺.,0,0,0,0,0,0,0.0000
259,千尋,ど…どうするの？これ。,self,medium,"千尋 appears to be asking herself what to do with something, possibly an internal question.",0,0,0,0,0,0,0.0000
260,千尋,ここに置いといていいの？,unknown,medium,"千尋 is asking if something can be left in a place, possibly directed to 釜爺 or self-directed.",0,0,0,0,0,0,0.0000
261,釜爺,手ぇ出すならしまいまでやれ！,千尋,high,Kamaji is directly instructing Chihiro about how to do the job properly after she asked about placement.,0,0,0,0,0,0,0.0000
262,千尋,えっ？,self,high,Chihiro's brief exclamation expressing surprise/confusion at Kamaji's instruction.,0,0,0,0,0,0,0.0000
263,千尋,よしっ…。,self,high,Chihiro's determined affirmation to herself before starting the task.,0,0,0,0,0,0,0.0000
264,釜爺,こらー！チビども！,group:soot sprites,high,Kamaji addresses the soot sprites (チビども) who are working in his boiler room.,0,0,0,0,0,0,0.0000
265,釜爺,ただのススに戻りてぇのか？！,group:soot sprites,high,Kamaji continues scolding the soot sprites about their work and magical state.,0,0,0,0,0,0,0.0000
266,釜爺,あんたも気まぐれに手ぇ出して、ひとの仕事を取っちゃならねえ。,千尋,high,Kamaji directly tells Chihiro (あんた) not to take over people's work carelessly.,0,0,0,0,0,0,0.0000
267,釜爺,働かなきゃな、こいつらの魔法は消えちまうんだ！,千尋,high,"Kamaji explains to Chihiro the consequence that if the spirits don't work, their magic disappears.",0,0,0,0,0,0,0.0000
268,釜爺,ここにあんたの仕事はねえ！他を当たってくれ。,千尋,high,Kamaji tells Chihiro (あんた) there is no work for her here and to go elsewhere.,0,0,0,0,0,0,0.0000
269,釜爺,何だ？お前達！文句があるのか？！,group:soot sprites,high,Kamaji questions the soot sprites (お前達) about their complaints.,0,0,0,0,0,0,0.0000
270,釜爺,仕事しろ！仕事！,group:soot sprites,high,Kamaji orders the soot sprites to get back to work.,0,0,0,0,0,0,0.0000
271,リン,飯だよ！,group:workers,high,リン is calling workers to eat during meal time.,0,0,0,0,0,0,0.0000
272,リン,何だ？またケンカしてんの？,group:workers,high,リン is asking a group of workers about their fighting.,0,0,0,0,0,0,0.0000
273,リン,よしなさいよ、もう。,group:workers,high,リン is telling multiple workers to stop fighting.,0,0,0,1,0,1,0.1000
274,リン,器は？,釜爺,high,リン is asking 釜爺 about where the dishes are.,0,0,0,0,0,0,0.0000
275,リン,ちゃんと出しといてって言ってるのに。,釜爺,high,リン is reminding 釜爺 about preparing dishes as instructed.,0,0,0,0,0,0,0.0000
276,釜爺,飯だ！休憩！,group:workers,high,釜爺 is announcing meal time and break to all workers.,0,0,0,0,0,0,0.0000
277,リン,うわっ？！,self,high,リン is reacting with surprise to the sudden announcement.,0,0,0,0,0,0,0.0000
278,千尋,あっ！,self,high,千尋 is reacting with surprise or alarm to something she notices.,0,0,0,0,0,0,0.0000
279,リン,人間がいるじゃん！やばいよ！,group:workers,high,リン is alerting the group to the dangerous presence of a human.,0,0,0,0,0,0,0.0000
280,リン,さっき上で大騒ぎしてたんだよ！,千尋,medium,リン is likely explaining to 千尋 about the commotion upstairs caused by humans/the situation.,0,0,0,0,0,0,0.0000
281,釜爺,わしの孫だ。,リン,high,"釜爺 is explaining to リン who the girl is, responding to her question about the human.",0,0,0,0,0,0,0.0000
282,リン,孫？！,釜爺,high,"リン is reacting with surprise to 釜爺's statement, addressing him directly.",0,0,0,0,0,0,0.0000
283,釜爺,働きたいと言うんだが、ここは手が足りとる。,リン,high,"釜爺 is continuing to explain the situation to リン, providing context about the staffing situation.",0,0,0,0,0,0,0.0000
284,釜爺,おめぇ、湯バーバのとこへ連れてってくれねえか？,リン,high,釜爺 is making a direct request to リン to take the girl to 湯婆婆.,0,0,0,0,0,0,0.0000
285,釜爺,あとは自分でやるだろう。,千尋,high,"釜爺 is addressing 千尋, telling her she will handle the rest herself after リン refuses.",0,0,0,0,0,0,0.0000
286,リン,やなこった！あたいが殺されちまうよ。,釜爺,high,"リン is protesting directly to 釜爺, expressing her concern about being killed.",0,0,0,0,0,0,0.0000
287,釜爺,これでどうだ？,リン,high,釜爺 is addressing リン as he offers her something (イモリのクロヤキ) as incentive.,0,0,0,0,0,0,0.0000
288,釜爺,イモリのクロヤキ。上物だぞ。,リン,high,"釜爺 is continuing to speak to リン, describing the food he's offering her.",0,0,0,0,0,0,0.0000
289,釜爺,どのみち働くには湯バーバと契約せにゃならん。,リン,high,"釜爺 is explaining to リン the necessity of the contract, continuing his persuasion.",0,0,0,0,0,0,0.0000
290,釜爺,自分で行って、運を試しな。,千尋,high,"釜爺 is addressing 千尋 directly, telling her to go see 湯婆婆herself and try her luck.",0,0,0,0,0,0,0.0000
291,リン,チェっ！そこの子、ついて来な。,千尋,high,"リン is directly calling out to a child to follow her, and the context shows 千尋 is the child in question.",0,0,0,0,0,0,0.0000
292,千尋,あっ…わっ！,self,high,"千尋's exclamations are reactions to being called and grabbed, not directed at anyone.",0,0,0,0,0,0,0.0000
293,リン,あんたね、「はい」とか「お世話になります」とか言えないの？,千尋,high,リン is scolding 千尋 for not greeting properly with polite words.,1,0,0,0,0,1,0.0345
294,千尋,あっ、はい。,リン,high,千尋 is responding affirmatively to リン's question/instruction.,0,0,0,0,0,0,0.0000
295,リン,ドンくさいね。早くおいで。,千尋,high,"リン is continuing to scold 千尋, telling her to hurry up and come along.",0,0,0,0,0,0,0.0000
296,千尋,はい。,リン,high,千尋 is responding with affirmation to リン's command to hurry.,0,0,0,0,0,0,0.0000
297,リン,靴なんか持ってどうするのさ？！靴下も！,千尋,high,リン is questioning 千尋 about why she's carrying shoes and socks.,0,0,0,0,0,0,0.0000
298,千尋,はい！,リン,high,千尋 is responding with quick affirmation to リン's question/criticism.,0,0,0,0,0,0,0.0000
299,リン,あんた、カマジイにお礼言ったの？世話になったんだろ？,千尋,high,リン is asking 千尋 if she thanked the old man (釜爺) for his help.,0,0,0,0,0,0,0.0000
300,千尋,うっ…。,リン,high,"千尋 is making an uncertain response sound, reacting to being asked if she thanked 釜爺.",0,0,0,0,0,0,0.0000
301,千尋,ありがとうございました。,釜爺,high,"千尋 is thanking the character who just helped her, as prompted by リン's earlier question.",1,0,1,0,0,1,0.0833
302,釜爺,グッドラック。,千尋,high,釜爺 is wishing good luck to 千尋 who is about to leave.,0,0,0,0,0,0,0.0000
303,リン,湯バーバは建物のテッペンのその奥にいるんだ。,千尋,high,リン is giving directions to 千尋 about where to find 湯婆婆.,0,0,0,0,0,0,0.0000
304,千尋,わっ！,self,high,千尋's brief exclamation appears to be a startled reaction to new information.,0,0,0,0,0,0,0.0000
305,リン,早くしろよ。,千尋,high,リン is urging 千尋 to hurry up.,0,0,0,0,0,0,0.0000
306,千尋,あっ…。,self,high,千尋's brief utterance is a acknowledgment/reaction to being told to hurry.,0,0,0,0,0,0,0.0000
307,リン,鼻がなくなるよ。,千尋,high,"リン is warning 千尋 about the consequence of delay, using 'you' (your nose).",0,0,0,0,0,0,0.0000
308,リン,もう一回乗り継ぐからね。,千尋,high,リン is informing 千尋 that they will transfer/change trains once more.,0,0,0,0,0,0,0.0000
309,千尋,はい。,リン,high,千尋 is acknowledging リン's statement with a polite affirmation.,0,0,0,0,0,0,0.0000
310,リン,着くよ。,千尋,high,リン is announcing to 千尋 that they have arrived at the destination.,0,0,0,0,0,0,0.0000
311,リン,いらっしゃいませ。,お白様,high,リン is greeting a customer arriving at the bathhouse elevator.,1,0,0,1,0,1,0.1111
312,お白様,ウウー…。,リン,high,お白様is responding vocally to リン's greeting.,0,0,0,0,0,0,0.0000
313,リン,お客様、このエレベーターは上へはまいりません。,お白様,high,リン is addressing the customer directly about elevator limitations.,1,0,0,0,0,1,0.0435
314,リン,他をお探しください。,お白様,high,リン continues directing the customer to other options.,0,0,0,1,0,1,0.1000
315,千尋,ついて来る。,千尋,high,千尋 is instructing 千尋 to follow her.,0,0,0,0,0,0,0.0000
316,リン,キョロキョロすんじゃないよ。,千尋,high,リン is scolding 千尋 for looking around too much.,0,0,0,0,0,0,0.0000
317,蛙男,到着でございます。,group:bathhouse guests,high,蛙男 announces arrival as an elevator operator to passengers.,1,0,1,0,0,1,0.1111
318,蛙男,右手のお座敷でございます。,group:bathhouse guests,high,蛙男 provides directions to guests exiting the elevator.,1,0,1,0,0,1,0.0769
319,蛙男,ん？リン。,リン,high,蛙男 is calling out to リン by name with a question.,0,0,0,0,0,0,0.0000
320,リン,はーい。,蛙男,high,リン is responding affirmatively to 蛙男's call.,0,0,0,0,0,0,0.0000
321,蛙男,何かにおわぬか？,group:nearby characters,medium,"蛙男 is asking if anyone smells something, likely directed at those present.",0,0,0,0,0,0,0.0000
322,蛙男,人間だ。お前、人間くさいぞ。,リン,high,"蛙男 is directly addressing リン with 'お前' (you), commenting that she smells human.",0,0,0,0,0,0,0.0000
323,リン,そうですかぁ？,蛙男,high,リン is responding to 蛙男's accusation with a question directed at him.,0,1,0,0,0,1,0.1429
324,蛙男,におう、におう。うまそうなにおいだ。,リン,high,"蛙男 continues addressing リン with 'お前' (you), commenting on the delicious smell.",0,0,0,0,0,0,0.0000
325,蛙男,お前何か隠しておるな。,リン,high,"蛙男 addresses リン with 'お前' (you), accusing her of hiding something.",0,0,0,0,0,0,0.0000
326,蛙男,正直に申せ！,リン,high,"蛙男 demands リン confess, using imperative tone directed at her.",0,0,0,0,0,0,0.0000
327,リン,このにおいでしょ？,蛙男,high,リン is responding to 蛙男's demand by pointing out what he's smelling.,0,0,0,0,0,0,0.0000
328,蛙男,クロヤキ…くれー！,リン,high,蛙男 identifies the smell as クロヤキ and begs リン for it.,0,0,0,0,0,0,0.0000
329,リン,やなこった。おねえ様方に頼まれてんだよ。,蛙男,high,リン refuses 蛙男's request and explains the food was promised to others.,0,0,0,0,0,0,0.0000
330,蛙男,頼む！ちょっとだけ！せめて足１本！,リン,high,"蛙男 continues pleading with リン, asking for even just one leg of the food.",0,0,0,0,0,0,0.0000
331,リン,上へ行くお客様？レバーをお引きください。,unknown,medium,"リン is calling out to customers using an elevator/lift, likely addressing a group or unspecified customer.",0,0,0,1,0,1,0.0500
332,湯婆婆,ノックもしないのかい？！,千尋,high,湯婆婆 is reacting to someone entering without knocking; context shows 千尋 has just arrived.,0,0,0,0,0,0,0.0000
333,湯婆婆,まぁ、みっともない娘が来たもんだね。,千尋,high,"湯婆婆 is commenting on the appearance of the girl who just entered, addressing 千尋 directly.",0,0,0,0,0,0,0.0000
334,湯婆婆,さあ、おいで。,千尋,high,湯婆婆 is calling 千尋 to come closer with 'さあ、おいで'.,0,0,0,0,0,0,0.0000
335,湯婆婆,おいでな。,千尋,high,"湯婆婆 continues addressing 千尋 with 'おいでな', a repeated summons.",0,0,0,0,0,0,0.0000
336,千尋,あっ！,self,high,"千尋's exclamation 'あっ!' is a reaction to being pulled, not directed at anyone.",0,0,0,0,0,0,0.0000
337,千尋,痛い…。,self,high,"千尋's complaint '痛い…' is a spontaneous expression of pain, not directed at anyone.",0,0,0,0,0,0,0.0000
338,湯婆婆,うるさいねぇ。静かにしておくれ。,千尋,high,"湯婆婆 tells 千尋 to be quiet, directly addressing her with 'うるさいねぇ。静かにしておくれ。'",0,0,0,0,0,0,0.0000
339,千尋,うわっ！,self,high,千尋's exclamation 'うわっ!' is a spontaneous reaction to something happening to her.,0,0,0,0,0,0,0.0000
340,千尋,あのう…ここで働かせてください。,湯婆婆,high,"千尋 is politely requesting employment from 湯婆婆, the bathhouse owner she is addressing.",0,0,0,1,0,1,0.0625
341,湯婆婆,バカなおしゃべりはやめとくれ。,千尋,high,"湯婆婆 is responding to 千尋's request to work, telling her to stop talking nonsense.",0,0,0,0,0,0,0.0000
342,湯婆婆,そんなヒョロヒョロに何ができるのさ。,千尋,high,湯婆婆 is directly criticizing 千尋's physical appearance and capabilities.,0,0,0,0,0,0,0.0000
343,湯婆婆,ここはね、人間の来る所じゃないんだ。,千尋,high,湯婆婆 is explaining to 千尋 that this bathhouse is not a place for humans.,0,0,0,0,0,0,0.0000
344,湯婆婆,八百万の神様達が疲れを癒やしに来るお湯屋なんだよ。,千尋,high,湯婆婆 continues explaining to 千尋 what the bathhouse is for.,0,0,0,0,0,0,0.0000
345,湯婆婆,それなのに、お前の親は何だい？,千尋,high,湯婆婆 is asking 千尋 rhetorically about what her parents did.,0,0,0,0,0,0,0.0000
346,湯婆婆,お客様の食べ物を豚のように食いちらして！,千尋,high,湯婆婆 is directly accusing 千尋's parents of eating the guests' food like pigs.,0,0,0,0,0,0,0.0000
347,湯婆婆,当然の報いさ。,千尋,high,湯婆婆 is explaining to 千尋 that what happened to her parents is a natural consequence.,0,0,0,0,0,0,0.0000
348,湯婆婆,お前も元の世界には…戻れないよ。,千尋,high,湯婆婆 is telling 千尋 directly that she cannot return to the human world.,0,0,0,0,0,0,0.0000
349,湯婆婆,子豚にしてやろう。,千尋,high,湯婆婆 is threatening 千尋 with turning her into a piglet.,0,0,0,0,0,0,0.0000
350,湯婆婆,あっ！石炭というてもあるね。,self,high,"湯婆婆 appears to be thinking aloud to herself about another option, not addressing 千尋.",0,0,0,0,0,0,0.0000
351,湯婆婆,ハハハハハ！震えているね。,千尋,high,湯婆婆 is observing 千尋's trembling state directly.,0,0,0,0,0,0,0.0000
352,湯婆婆,でも、まぁ、よくここまでやって来たよ。,千尋,high,湯婆婆 continues to address 千尋 about her journey to reach this point.,0,0,0,0,0,0,0.0000
353,湯婆婆,誰かが親切に世話を焼いたんだね。,千尋,high,湯婆婆 is commenting on someone helping 千尋 to arrive at the bathhouse.,0,0,0,0,0,0,0.0000
354,湯婆婆,褒めてやらなきゃ。,千尋,high,湯婆婆 is praising the person (千尋) being discussed.,0,0,0,0,0,0,0.0000
355,湯婆婆,誰だい？それは、教えておくれな。,千尋,high,湯婆婆 is directly asking 千尋 to reveal who helped her.,0,0,0,0,0,0,0.0000
356,千尋,あっ…。,self,high,千尋's brief exclamation in response to being questioned.,0,0,0,0,0,0,0.0000
357,千尋,ここで働かせてください！,湯婆婆,high,千尋 is making a direct request to 湯婆婆 for employment.,0,0,0,1,0,1,0.0833
358,湯婆婆,まだそれを言うのかい？！,千尋,high,湯婆婆 is responding incredulously to 千尋's repeated request.,0,0,0,0,0,0,0.0000
359,千尋,ここで働きたいんです！,湯婆婆,high,千尋 is reiterating her wish to work at the bathhouse to 湯婆婆.,0,1,0,0,0,1,0.0909
360,湯婆婆,だーまーれー！！,千尋,high,湯婆婆 is harshly commanding 千尋 to be silent.,0,0,0,0,0,0,0.0000
361,湯婆婆,何で私がお前を雇わなきゃならないんだい？！,千尋,high,"湯婆婆 is directly responding to 千尋's request to work, addressing her with 'お前を' (you).",0,0,0,0,0,0,0.0000
362,湯婆婆,見るからに、グズで、甘ったれで、泣き虫で、頭の悪い小娘に、仕事なんかあるもんかね！,千尋,high,湯婆婆 is insulting 千尋 directly with physical descriptors ('小娘' - girl) and rhetorical criticism.,0,0,0,0,0,0,0.0000
363,湯婆婆,お断りだね！,千尋,high,湯婆婆 is explicitly rejecting 千尋's employment request with 'お断りだね'.,0,0,0,0,0,0,0.0000
364,湯婆婆,これ以上、ごくつぶしを増やしてどうしろっていうんだい！,千尋,high,湯婆婆 continues her tirade about not wanting to hire 千尋 by calling her a burden ('ごくつぶし').,0,0,0,0,0,0,0.0000
365,湯婆婆,それとも一番つらーいきつーい仕事を死ぬまでやらせてやろうか？,千尋,high,湯婆婆 is making a threatening offer directly to 千尋 about harsh labor ('やらせてやろうか').,0,0,0,0,0,0,0.0000
366,千尋,ハッ！,self,high,"千尋's exclamation is a reaction to 坊's crying, not addressed to anyone else.",0,0,0,0,0,0,0.0000
367,坊,アダー！,self,high,"坊 is making a crying sound, self-expression rather than directed speech.",0,0,0,0,0,0,0.0000
368,湯婆婆,ああ、やめなさい！どうしたの？,坊,high,湯婆婆 is addressing her son 坊 directly with 'やめなさい' and 'どうしたの' to calm him down.,0,0,0,1,0,1,0.0667
369,湯婆婆,今すぐ行くから、いい子でいなさいね。,坊,high,"湯婆婆 is reassuring her son with 'いい子でいなさいね', telling him she'll come right away.",0,0,0,1,0,1,0.0556
370,湯婆婆,まだいたのかい？！さっさと出て行きな！,千尋,high,湯婆婆 is commanding 千尋 to leave with 'さっさと出て行きな' after noticing she's still present.,0,0,0,0,0,0,0.0000
371,千尋,ここで働きたいんです！,湯婆婆,high,千尋 is making a direct request to the bathhouse owner.,0,1,0,0,0,1,0.0909
372,湯婆婆,大きな声を出すんじゃないよぉ！,千尋,high,湯婆婆 is scolding 千尋 for speaking loudly.,0,0,0,0,0,0,0.0000
373,湯婆婆,ああ、ちょっと待ちなさい。ねっ？ねっ？,坊,high,湯婆婆 is trying to comfort/distract her son who was crying.,0,0,0,1,0,1,0.0526
374,湯婆婆,いい子だから。ほらほら。,坊,high,湯婆婆 is reassuring and soothing her child with gentle words.,0,0,0,0,0,0,0.0000
375,千尋,働かせてください！！,湯婆婆,high,千尋 is making a desperate plea to the bathhouse owner in a louder voice.,0,0,0,1,0,1,0.1000
376,湯婆婆,分かったから静かにしておくれ！,千尋,high,"湯婆婆 is telling 千尋 to be quiet, addressing the person making noise.",0,0,0,0,0,0,0.0000
377,湯婆婆,ああ、よしよしー…。,坊,high,湯婆婆 continues to soothe her son with gentle sounds and reassurance.,0,0,0,0,0,0,0.0000
378,湯婆婆,契約書だよ。,千尋,high,"湯婆婆 is presenting a contract to 千尋, implying it is for her.",0,0,0,0,0,0,0.0000
379,湯婆婆,そこに名前を書きな。,千尋,high,湯婆婆 is instructing 千尋 to sign her name on the contract.,0,0,0,0,0,0,0.0000
380,湯婆婆,働かせてやる。,千尋,high,"湯婆婆 is telling 千尋 she will be given work, granting her employment request.",0,0,0,0,0,0,0.0000
381,湯婆婆,その代わり、イヤだとか帰りたいとか言ったら、すぐ子豚にしてやるからね。,千尋,high,湯婆婆 is threatening the person working for her about the contract terms.,0,0,0,0,0,0,0.0000
382,千尋,あの、名前ってここですか？,湯婆婆,high,千尋 is asking 湯婆婆 a question about where to write her name.,0,1,0,0,0,1,0.0769
383,湯婆婆,そうだよ。もうグズグズしないでさっさと書きな。,千尋,high,湯婆婆 is responding directly to 千尋's question and instructing her to write.,0,0,0,0,0,0,0.0000
384,湯婆婆,まったく。,self,high,湯婆婆 is muttering to herself in frustration about the situation.,0,0,0,0,0,0,0.0000
385,湯婆婆,つまらない誓いを立てちまったもんだよ。働きたい者には仕事をやるだなんて。,self,high,湯婆婆 continues her self-directed monologue lamenting her foolish oath.,0,0,0,0,0,0,0.0000
386,湯婆婆,ハっ！,self,high,"湯婆婆 makes an exclamation sound, appearing to be a sudden realization expressed to herself.",0,0,0,0,0,0,0.0000
387,湯婆婆,書いたかい？,千尋,high,湯婆婆 is asking 千尋 if she has finished writing the contract.,0,0,0,0,0,0,0.0000
388,千尋,はい。,湯婆婆,high,千尋 is confirming that she has completed the contract writing.,0,0,0,0,0,0,0.0000
389,千尋,あっ…。,self,high,"千尋 makes a surprised sound, likely a reaction to something happening as she hands over the contract.",0,0,0,0,0,0,0.0000
390,湯婆婆,フンっ。千尋というのかい。,千尋,high,湯婆婆 is reading the name 千尋 from the contract and addressing the person who wrote it.,0,0,0,0,0,0,0.0000
391,千尋,はい。,湯婆婆,high,千尋 is responding affirmatively to 湯婆婆's earlier question about whether she wrote her name.,0,0,0,0,0,0,0.0000
392,湯婆婆,ぜいたくな名だね。,千尋,high,"湯婆婆 is commenting on the name 千尋 that was just written and confirmed, clearly addressing the girl.",0,0,0,0,0,0,0.0000
393,湯婆婆,今からお前の名前は千だ。,千尋,high,"湯婆婆 is directly informing 千尋 of her new name, using 'お前' (you) to address her.",0,0,0,0,0,0,0.0000
394,湯婆婆,いいかい？千だよ。,千尋,high,"湯婆婆 continues speaking directly to 千尋, emphasizing the new name with 'いいかい?' (got it?).",0,0,0,0,0,0,0.0000
395,湯婆婆,分かったら返事をするんだ！千！,千尋,high,"湯婆婆 demands a response from 千尋, calling her new name 千 to get her attention.",0,0,0,0,0,0,0.0000
396,千尋,は…はい！,湯婆婆,high,千尋 is responding to 湯婆婆's demand for acknowledgment of her new name.,0,0,0,0,0,0,0.0000
397,ハク,お呼びですか？,湯婆婆,high,"ハク is asking if he was called/summoned, likely addressing 湯婆婆 who is the authority figure.",0,1,0,0,0,1,0.1429
398,湯婆婆,今日からその子が働くよ。世話をしな。,ハク,high,湯婆婆 is giving an instruction to ハク to take care of the new worker 千尋.,0,0,0,0,0,0,0.0000
399,ハク,はい。,湯婆婆,high,ハク is acknowledging the order given by 湯婆婆.,0,0,0,0,0,0,0.0000
400,ハク,名は何という？,千尋,high,"ハク is asking the girl's name, addressing her directly to gather information about the new worker.",0,0,0,0,0,0,0.0000
401,千尋,えっ？,self,high,Chihiro is reacting with surprise to being asked her name; internal exclamation.,0,0,0,0,0,0,0.0000
402,千尋,ち…あっ…千です。,ハク,high,Chihiro is responding to Haku's direct question about her name.,0,1,0,0,0,1,0.1111
403,ハク,では、千。来なさい。,千尋,high,Haku is addressing Chihiro by her new name and giving her a direct command to follow him.,0,0,0,1,0,1,0.1000
404,千尋,ハク…あのう…。,ハク,high,"Chihiro is addressing Haku with a hesitant question, using his name.",0,0,0,0,0,0,0.0000
405,ハク,むだ口をきくな。,千尋,high,Haku is scolding Chihiro for speaking unnecessarily; direct correction to her.,0,0,0,0,0,0,0.0000
406,ハク,私のことはハク様と呼べ。,千尋,high,Haku is instructing Chihiro on how to address him properly.,0,0,0,0,0,0,0.0000
407,父役,いくら湯バーバ様のおっしゃりでもそれは…。,ハク,high,"Father role is protesting Haku's decision to Haku directly, challenging his authority.",0,0,0,0,0,0,0.0000
408,兄役,人間は困ります。,group:湯婆婆 and associates,medium,Older brother role is expressing concern to those present about accepting a human worker.,1,0,0,0,0,1,0.1250
409,ハク,すでに契約されたのだ。,父役,high,Haku is responding to Father role's protest with a firm statement about the contract.,0,0,0,0,0,0,0.0000
410,父役,なんと…。,self,high,Father role is reacting with shock and dismay to learning about the contract; internal exclamation.,0,0,0,0,0,0,0.0000
411,千尋,よろしくお願いします。,ハク,high,"千尋 is greeting and expressing respect to ハク, who is addressing her about her new position.",1,0,0,0,0,1,0.0909
412,湯女１,私らのとこにはよこさないどくれ。,group:bathhouse workers,high,湯女１ is speaking to other bathhouse workers about not sending the human to their section.,0,0,0,0,0,0,0.0000
413,湯女２,人くさくてかなわんわ。,group:bathhouse workers,high,湯女２ is agreeing with the previous bathhouse worker's complaint about the human smell.,0,0,0,0,0,0,0.0000
414,ハク,ここのものを３日も食べれば、においは消えよう。,group:bathhouse workers,high,ハク is explaining to the bathhouse workers how the human's smell will disappear after eating their food.,0,0,0,0,0,0,0.0000
415,ハク,それで使いものにならなければ、焼こうが煮ようが好きにするがいい。,group:bathhouse workers,high,ハク is giving instructions to the bathhouse workers about what to do with 千尋 if she becomes unusable.,0,0,0,0,0,0,0.0000
416,ハク,仕事に戻れ！リンはどこだ？,group:bathhouse workers,high,ハク is commanding the workers to return to work and asking about リン's whereabouts.,0,0,0,0,0,0,0.0000
417,リン,えーっ？！あたいに押しつけんのかよ！,ハク,high,リン is directly responding to ハク's assignment of her to help 千尋.,0,0,0,0,0,0,0.0000
418,ハク,手下を欲しがっていたな。,リン,high,"ハク is speaking to リン, reminding her that she wanted a helper.",0,0,0,0,0,0,0.0000
419,父役,そうそう。リンが適役だぞ。,ハク,high,父役 is agreeing with ハク and suggesting that リン is the right choice for the role.,0,0,0,0,0,0,0.0000
420,リン,えーっ…。,ハク,high,リン is responding with reluctance to ハク's decision to assign her to help 千尋.,0,0,0,0,0,0,0.0000
421,ハク,千、行け。,千尋,high,"ハク directly commands 千尋 to go (行け), using her name in context.",0,0,0,0,0,0,0.0000
422,千尋,はい。,ハク,high,"千尋 responds affirmatively (はい) to ハク's command, acknowledging him.",0,0,0,0,0,0,0.0000
423,リン,やってらんねえよ！,self,high,"リン expresses frustration about the situation to herself, not directed at anyone.",0,0,0,0,0,0,0.0000
424,リン,埋め合わせはしてもらうからね。,ハク,high,"リン demands compensation from ハク, who just assigned her the task.",0,0,0,0,0,0,0.0000
425,父役,はよ、行け！,千尋,high,"父役 urges someone to go quickly; in context, this is directed at 千尋 who was just told to go by ハク.",0,0,0,0,0,0,0.0000
426,リン,フンっ！,self,medium,"リン expresses a dismissive grunt, likely internal reaction rather than directed speech.",0,0,0,0,0,0,0.0000
427,リン,来いよ。,千尋,high,"リン calls out 'come on' (来いよ), inviting 千尋 to follow her to work.",0,0,0,0,0,0,0.0000
428,リン,お前、うまくやったなぁ！,千尋,high,"リン praises 千尋 (お前) for handling the situation well, directly addressing her.",0,0,0,0,0,0,0.0000
429,千尋,えっ？,リン,high,"千尋 responds with confusion (えっ？) to リン's comment, addressing her in return.",0,0,0,0,0,0,0.0000
430,リン,お前トロいからさ、心配してたんだ。,千尋,high,"リン continues speaking to 千尋, explaining her prior worry about her slowness.",0,0,0,0,0,0,0.0000
431,リン,油断するなよ。分からないことはオレに聞け。なっ？,千尋,high,"リン is giving advice directly to 千尋, using casual imperative forms and asking for confirmation with 'なっ？'",0,0,0,0,0,0,0.0000
432,千尋,うん…。,リン,high,千尋 is responding affirmatively to リン's previous statement,0,0,0,0,0,0,0.0000
433,リン,ん？どうした？,千尋,high,リン notices 千尋's apparent distress and asks what's wrong,0,0,0,0,0,0,0.0000
434,千尋,足がフラフラするの…。,リン,high,千尋 is responding to リン's question about why she seems off,0,0,0,0,0,0,0.0000
435,リン,ここがオレ達の部屋だよ。,千尋,high,"リン is explaining their location to 千尋, providing context and reassurance",0,0,0,0,0,0,0.0000
436,リン,食って寝りゃ元気になるさ。,千尋,high,リン continues offering advice to 千尋 about recovering her energy,0,0,0,0,0,0,0.0000
437,リン,腹かけ。自分で洗うんだよ。,千尋,high,リン is instructing 千尋 to put on an apron and wash it herself,0,0,0,0,0,0,0.0000
438,リン,はかま。,千尋,high,リン is pointing out or handing 千尋 the hakama (pants),0,0,0,0,0,0,0.0000
439,リン,チビだからなぁ。,千尋,high,リン is commenting on 千尋's small size while helping her dress,0,0,0,0,0,0,0.0000
440,リン,でかいな？,千尋,high,リン is remarking that something (likely the hakama) is large on 千尋,0,0,0,0,0,0,0.0000
441,千尋,リンさん、あの…。,リン,high,千尋 is directly addressing リン with the honorific 'さん' and seeking her attention.,0,0,0,0,0,0,0.0000
442,リン,何？,千尋,high,リン is responding to 千尋's question with a direct question back.,0,0,0,0,0,0,0.0000
443,千尋,ここにハクっていう人、２人いるの？,リン,high,千尋 is asking リン a direct question about whether there are two people named ハク.,0,0,0,0,0,0,0.0000
444,リン,２人？！,千尋,high,"リン is reacting with surprise to 千尋's statement, expressing disbelief directly to her.",0,0,0,0,0,0,0.0000
445,リン,あんなの２人もいたら、たまんないよ。,千尋,high,"リン continues her response to 千尋's question, explaining why two ハク would be problematic.",0,0,0,0,0,0,0.0000
446,リン,ダメか。,千尋,medium,"リン appears to be questioning whether her explanation was insufficient or unclear, directed at 千尋 in context.",0,0,0,0,0,0,0.0000
447,リン,あいつは湯バーバの手先だから気をつけな。,千尋,high,"リン is giving 千尋 a warning about ハク, directly addressing her with instructions to be careful.",0,0,0,0,0,0,0.0000
448,千尋,ウっ…ウーっ…。,self,high,"千尋 is making distressed sounds to herself, not directed at anyone else.",0,0,0,0,0,0,0.0000
449,リン,おかしいなぁ。,self,high,"リン is speaking to herself, musing about something being odd.",0,0,0,0,0,0,0.0000
450,リン,あー！あった、あった。,self,high,"リン is excited to herself upon finding something, with no addressee indicated.",0,0,0,0,0,0,0.0000
451,リン,ん？,千尋,high,リン is responding to 千尋's distressed sounds from the preceding context.,0,0,0,0,0,0,0.0000
452,リン,おい、どうしたんだよ？しっかりしろよ。,千尋,high,"リン is directly addressing the person who is unwell, asking them to get themselves together.",0,0,0,0,0,0,0.0000
453,湯女３,うるさいな。何だよ？リン。,リン,high,湯女３ is responding to リン's question and calling out リン by name.,0,0,0,0,0,0,0.0000
454,リン,気持悪いんだって。新入りだよ。,湯女３,high,リン is explaining to 湯女３ what is wrong with the newcomer.,0,0,0,0,0,0,0.0000
455,千尋,ハっ！,self,high,"千尋's exclamation appears to be a startled reaction, not directed at anyone specific.",0,0,0,0,0,0,0.0000
456,ハク,橋の所へおいで。,千尋,high,ハク is giving a direct instruction to 千尋 to come to the bridge.,0,0,0,0,0,0,0.0000
457,ハク,お父さんとお母さんに会わせてあげる。,千尋,high,"ハク continues addressing 千尋, explaining what he will do for her at the bridge.",0,0,0,0,0,0,0.0000
458,千尋,あっ！,self,high,"千尋's exclamation appears to be a realization or reaction, not directed at anyone.",0,0,0,0,0,0,0.0000
459,千尋,靴がない。,self,high,"千尋 is noting her observation about missing shoes, speaking to herself.",0,0,0,0,0,0,0.0000
460,千尋,ん？ああ…。,self,medium,"千尋's murmur appears to be internal realization or acknowledgment, likely self-directed.",0,0,0,0,0,0,0.0000
461,千尋,ありがとう。,ハク,high,千尋 is thanking ハク for helping her find her shoes and bringing her to see her parents.,0,0,0,0,0,0,0.0000
462,千尋,あっ…。,self,high,"Exclamation of realization or distress upon seeing her parents, not directed at anyone.",0,0,0,0,0,0,0.0000
463,ハク,おいで。,千尋,high,ハク is continuing to direct 千尋 to come with him.,0,0,0,0,0,0,0.0000
464,千尋,あっ！,self,high,"Exclamation of shock or realization, not directed at a specific character.",0,0,0,0,0,0,0.0000
465,千尋,お父さん、お母さん！私よ！,group:parents,high,"千尋 is calling out to her father and mother, identifying herself to them.",0,0,0,0,0,0,0.0000
466,千尋,せ…千よ。,self,high,"Appears to be a confused correction or self-talk about her own name, not addressed to others.",0,0,0,0,0,0,0.0000
467,千尋,お母さん！お父さん！,group:parents,high,千尋 is again calling out to her parents trying to get their attention.,0,0,0,0,0,0,0.0000
468,千尋,病気かな？ケガしてる？,ハク,high,"千尋 is asking ハク if her parents are sick or injured, seeking explanation for their condition.",0,0,0,0,0,0,0.0000
469,ハク,いや。お腹がいっぱいで寝ているんだよ。,千尋,high,ハク is responding to 千尋's question by explaining what happened to her parents.,0,0,0,0,0,0,0.0000
470,ハク,人間だったことは、今は忘れている。,千尋,high,ハク continues explaining to 千尋 that her parents no longer remember being human.,0,0,0,0,0,0,0.0000
471,千尋,お父さん、お母さん！きっと助けてあげるから！,お父さん," お母さん",high,0,0,0,0,0,0,0.0000
472,千尋,あんまり太っちゃダメだよ！食べられちゃうからね！,お父さん," お母さん",high,0,0,0,0,0,0,0.0000
473,ハク,これは隠しておきな。,千尋,high,ハク is giving an instruction to 千尋 about hiding something.,0,0,0,0,0,0,0.0000
474,千尋,あっ！,self,high,千尋's brief exclamation upon realizing she's found her name card.,0,0,0,0,0,0,0.0000
475,千尋,捨てられたかと思ってた。,self,medium,"千尋 is reflecting aloud about having thought the card was discarded, appears to be self-talk.",0,0,0,0,0,0,0.0000
476,ハク,帰る時にいるだろ。,千尋,high,ハク is explaining to 千尋 that she'll need the card when leaving.,0,0,0,0,0,0,0.0000
477,千尋,これ、お別れにもらったカード。,self,high,"千尋 is narrating her realization about the card, speaking to herself.",0,0,0,0,0,0,0.0000
478,千尋,「ちひろ」？,self,high,"千尋 is reading the name on the card aloud, processing the discovery.",0,0,0,0,0,0,0.0000
479,千尋,ちひろって…私の名だわ！,self,high,"千尋 is exclaiming with realization that the name is her own, speaking to herself.",0,0,0,0,0,0,0.0000
480,ハク,湯バーバは相手の名を奪って支配するんだ。,千尋,high,ハク is explaining to 千尋 how 湯婆婆controls people by stealing their names.,0,0,0,0,0,0,0.0000
481,ハク,いつもは千でいて、本当の名前はしっかり隠しておくんだよ。,千尋,high,ハク is explaining the name-stealing mechanism directly to 千尋 after she discovered her true name.,0,0,0,0,0,0,0.0000
482,千尋,私、もう取られかけてた。千になりかけてたもん。,ハク,high,"千尋 is responding to ハク's explanation about names being stolen, sharing her own experience.",0,0,0,0,0,0,0.0000
483,ハク,名を奪われると、帰り道が分からなくなるんだよ。,千尋,high,ハク continues explaining the consequences of name-stealing to 千尋.,0,0,0,0,0,0,0.0000
484,ハク,私はどうしても思い出せないんだ。,千尋,high,ハク is sharing his own predicament about his forgotten name with 千尋 in direct conversation.,0,0,0,0,0,0,0.0000
485,千尋,ハクの本当の名前？,ハク,high,千尋 is asking ハク a clarifying question about what he just said regarding his own forgotten name.,0,0,0,0,0,0,0.0000
486,ハク,でも、不思議だね？千尋のことは覚えていた。,千尋,high,ハク is continuing his reflection directly to 千尋 about his memory loss and his retained memory of her.,0,0,0,0,0,0,0.0000
487,ハク,お食べ。ごはんを食べてなかったろう？,千尋,high,ハク is offering food to 千尋 and explaining why she should eat it.,0,0,0,0,0,0,0.0000
488,千尋,食べたくない。,ハク,high,千尋 is responding directly to ハク's offer of food with her refusal.,0,0,0,0,0,0,0.0000
489,ハク,千尋の元気が出るようにまじないをかけて作ったんだ。お食べ。,千尋,high,ハク is persuading 千尋 to eat by explaining he made it with magic to help restore her strength.,0,0,0,0,0,0,0.0000
490,ハク,つらかったろう？さっ、お食べ。,千尋,high,ハク is sympathetically addressing 千尋's hardship and urging her again to eat.,0,0,0,0,0,0,0.0000
491,ハク,１人で戻れるね？,千尋,high,"Haku is asking Chihiro if she can return alone, directly addressing her.",0,0,0,0,0,0,0.0000
492,千尋,うん。ハクありがとう。私、頑張るね。,ハク,high,Chihiro is thanking Haku and speaking to him directly.,0,0,0,0,0,0,0.0000
493,ハク,うん。,千尋,high,"Haku's affirmation is a response to Chihiro's statement, continuing their direct conversation.",0,0,0,0,0,0,0.0000
494,千尋,ああっ！,self,high,"Chihiro's exclamation appears to be a spontaneous reaction, not directed at anyone.",0,0,0,0,0,0,0.0000
495,千尋,ああっ…。,self,high,"This is another exclamation from Chihiro, likely a continued reaction to something happening, not directed at a specific person.",0,0,0,0,0,0,0.0000
496,リン,どこへ行ってたんだよ？心配してたんだぞ。,千尋,high,"Lin is asking Chihiro where she has been, directly addressing her.",0,0,0,0,0,0,0.0000
497,千尋,ごめんなさい。,リン,high,Chihiro is apologizing to Lin in response to Lin's question.,0,0,0,1,0,1,0.1429
498,湯女１,邪魔だねぇ。,千尋,high,"The bathhouse worker is telling Chihiro she is in the way, speaking directly to her.",0,0,0,0,0,0,0.0000
499,千尋,うわっ！,self,high,"Chihiro's exclamation is a spontaneous reaction to being pushed, not directed at anyone.",0,0,0,0,0,0,0.0000
500,リン,千！もっと力入んないの？,千尋,high,"Lin is addressing Chihiro directly, telling her to put more effort into her work.",0,0,0,0,0,0,0.0000
501,兄役,リンと千、今日から大湯番だ。,リン,high,兄役 is announcing a new assignment directly to リン and 千尋.,0,0,0,0,0,0,0.0000
502,リン,えーっ？！あれはカエルの仕事だろ！,兄役,high,リン is protesting the assignment given by 兄役.,0,0,0,0,0,0,0.0000
503,兄役,上役の命令だ。骨身を惜しむなよ。,リン,high,兄役 is responding to リン's protest with an order.,0,0,0,0,0,0,0.0000
504,千尋,あのう…そこぬれませんか？,unknown,medium,"千尋 is asking about something being wet, likely to a superior or whoever is directing them.",1,0,0,0,0,1,0.0769
505,リン,千！早くしろよ！,千尋,high,リン is directly addressing 千尋 by name with an urgent command.,0,0,0,0,0,0,0.0000
506,千尋,はーい！,リン,high,千尋 is responding affirmatively to リン's command.,0,0,0,0,0,0,0.0000
507,千尋,ここ、開けときますね。,unknown,medium,千尋 is explaining an action but the specific addressee is unclear.,1,0,0,0,0,1,0.0909
508,湯女２,リン、大湯だって？,リン,high,"湯女２ is addressing リン by name, asking about the new assignment.",0,0,0,0,0,0,0.0000
509,リン,ほっとけ。,湯女２,high,リン is telling 湯女２ to ignore or not worry about it.,0,0,0,0,0,0,0.0000
510,リン,ひでぇ…。ずーっと洗ってないぞ、これ。,self,high,"リン is making a comment about the bathhouse condition, likely talking to herself in frustration.",0,0,0,0,0,0,0.0000
511,千尋,わっ！,self,high,Exclamation of surprise/reaction to the dirty bath; not directed at anyone,0,0,0,0,0,0,0.0000
512,リン,この風呂はさ、汚れたお客専門なんだよ。,千尋,high,リン is explaining the nature of this bath to 千尋 who just reacted with surprise,0,0,0,0,0,0,0.0000
513,リン,こびりついてて取れやしない。,千尋,high,Continuing explanation to 千尋 about the difficulty of cleaning this particular bath,0,0,0,0,0,0,0.0000
514,兄役,リン、千。一番客が来ちまうぞ。,group:workers,high,兄役 addresses both リン and 千尋 by name to alert them about an incoming customer,0,0,0,0,0,0,0.0000
515,リン,はーい！今すぐ！,兄役,high,リン responds affirmatively to 兄役's announcement about the incoming customer,0,0,0,0,0,0,0.0000
516,リン,チェっ！見えすいたイビリしやがって。,兄役,medium,"リン expresses frustration, likely directed at 兄役's attempt to hurry them or create conflict",0,0,0,0,0,0,0.0000
517,リン,一回薬湯入れなきゃダメだ。千、番台へ行って札もらって来な。,千尋,high,リン gives a direct instruction to 千尋 to go to the reception and get a medicinal bath ticket,0,0,0,0,0,0,0.0000
518,千尋,札？,リン,high,"千尋 asks a clarifying question about what a 'ticket' is, directed to リン who just gave the instruction",0,0,0,0,0,0,0.0000
519,千尋,うわっ！,self,high,Exclamation of surprise/reaction; not directed at anyone,0,0,0,0,0,0,0.0000
520,リン,薬湯の札だよ。,千尋,high,リン clarifies what kind of ticket (medicinal bath ticket) 千尋 should retrieve,0,0,0,0,0,0,0.0000
521,千尋,はーい。,リン,high,千尋 is responding affirmatively to リン's instruction to go get a token.,0,0,0,0,0,0,0.0000
522,千尋,リンさん、番台って何？,リン,high,千尋 is asking リン a question about what 番台 means.,0,0,0,0,0,0,0.0000
523,湯婆婆,ん…何だろうね。何か来たね。,self,high,"湯婆婆 is speaking to herself, musing about something that has arrived.",0,0,0,0,0,0,0.0000
524,湯婆婆,雨にまぎれてろくでもないものがまぎれこんだかな。,self,high,湯婆婆 continues her internal monologue speculating about something undesirable arriving.,0,0,0,0,0,0,0.0000
525,番台蛙,そんなもったいないことができるか！,group:staff,medium,"番台蛙 is protesting or reacting to something wasteful being proposed, likely to nearby staff.",0,0,0,0,0,0,0.0000
526,番台蛙,おはようございます！,湯婆婆,high,番台蛙 is greeting 湯婆婆 politely with a formal morning greeting.,1,0,1,0,0,1,0.1000
527,番台蛙,よくお休みになられましたか？,湯婆婆,high,番台蛙 continues addressing 湯婆婆 with a polite inquiry about her sleep.,1,0,0,0,0,1,0.0714
528,湯女,春日様。,unknown,low,"湯女 appears to be announcing or addressing a customer/guest by their name, but the specific addressee is unclear.",0,0,0,0,0,0,0.0000
529,番台蛙,はい、硫黄の上。,unknown,low,"番台蛙 is assigning or directing someone to a location with sulfur, but the specific addressee is unclear.",0,0,0,0,0,0,0.0000
530,番台蛙,いつまでいたって同じだ。戻れ、戻れ！,unknown,medium,"番台蛙 is telling someone to leave/go back, likely addressing a guest or unwanted visitor.",0,0,0,0,0,0,0.0000
531,番台蛙,手でこすればいいんだ！,千尋,high,"番台蛙 is instructing someone on how to clean, addressing the person who needs guidance.",0,0,0,0,0,0,0.0000
532,番台蛙,おはようございます！,unknown,medium,A generic greeting with no clear addressee from context.,1,0,1,0,0,1,0.1000
533,番台蛙,手を使え、手を。,千尋,high,"Continuing instruction to use hands, directed at the same person being coached.",0,0,0,0,0,0,0.0000
534,千尋,でも…あの…薬湯じゃないとダメだそうです。,番台蛙,high,"千尋 is responding to the frog's instructions, addressing him directly.",0,1,0,0,0,1,0.0476
535,番台蛙,分からんヤツだなぁ。,千尋,high,"番台蛙 is commenting on 千尋's lack of understanding, addressing her.",0,0,0,0,0,0,0.0000
536,番台蛙,あっ、よもぎ湯ですね？どうぞ、ごゆっくり。,千尋,high,"番台蛙 is offering herbal bath water to someone, with formal service language directed at the customer.",0,1,0,0,0,1,0.0476
537,千尋,あっ！,self,high,"千尋's exclamation appears to be a surprised reaction, not directed at anyone.",0,0,0,0,0,0,0.0000
538,番台蛙,はい、番台です。,unknown,medium,番台蛙 is answering a phone or door but addressee is not explicitly clear from the line.,0,1,0,0,0,1,0.1250
539,番台蛙,あっ、はい！,unknown,medium,An affirmative response without clear context of who is being addressed.,0,0,0,0,0,0,0.0000
540,番台蛙,うわっ！,self,high,"番台蛙's exclamation of surprise or alarm, an instinctive reaction not directed at anyone.",0,0,0,0,0,0,0.0000
541,千尋,あっ！,self,high,Exclamation of surprise with no addressee indicated.,0,0,0,0,0,0,0.0000
542,千尋,ありがとうございます！,番台蛙,high,Polite thank you directed at the frog attendant who just served her.,1,0,1,0,0,1,0.0909
543,番台蛙,あっ、違う！,千尋,high,"The frog is responding to Chihiro's action, correcting what she did.",0,0,0,0,0,0,0.0000
544,番台蛙,こら！待て！おい！,千尋,high,Commands directed at Chihiro who is running away with something.,0,0,0,0,0,0,0.0000
545,湯婆婆,どうしたんだい？,番台蛙,high,Yubaba asks the frog what happened in response to the commotion.,0,0,0,0,0,0,0.0000
546,番台蛙,いえ、何でもありません。,湯婆婆,high,"The frog responds to Yubaba's question, addressing her directly.",1,0,0,0,0,1,0.0833
547,湯婆婆,何か入り込んでるよ。,番台蛙,high,"Yubaba continues speaking to the frog, describing what she detected.",0,0,0,0,0,0,0.0000
548,番台蛙,人間ですか？,湯婆婆,high,The frog asks Yubaba a clarifying question about whether it's a human.,0,1,0,0,0,1,0.1667
549,湯婆婆,それを調べるんだ。今日はハクがいないからね。,番台蛙,high,"Yubaba instructs the frog to investigate, using direct command form.",0,0,0,0,0,0,0.0000
550,リン,ヘぇー…ずいぶんいいのくれたじゃん。,千尋,high,Lin comments to Chihiro about the generous bath token she received.,0,0,0,0,0,0,0.0000
551,リン,これがさ、カマジイのとこへ行くんだ。,千尋,high,"リン is instructing Chihiro about where the bucket goes, explaining the next step in the bathing process.",0,0,0,0,0,0,0.0000
552,リン,込んでないからすぐ来るよ、きっと。,千尋,high,"リン continues instructing Chihiro, reassuring her that the old man will arrive soon.",0,0,0,0,0,0,0.0000
553,リン,これを引けば、お湯が出る。やってみな。,千尋,high,リン is demonstrating and instructing Chihiro how to operate the water lever with 'やってみな' (try it).,0,0,0,0,0,0,0.0000
554,千尋,わっ！,self,high,千尋's exclamation in reaction to the water coming out is self-talk/reaction.,0,0,0,0,0,0,0.0000
555,リン,千って、ホントドジなぁ。,千尋,high,リン is commenting on Chihiro's clumsiness directly to her.,0,0,0,0,0,0,0.0000
556,千尋,わー、すごい色。,self,high,"千尋 is reacting in amazement to the water color, expressing her own observation.",0,0,0,0,0,0,0.0000
557,リン,こいつにはさ、ミミズの干物が入ってんだ。,千尋,high,リン is explaining to Chihiro what ingredient is in the bucket.,0,0,0,0,0,0,0.0000
558,リン,こんだけ濁ってりゃ、こすらなくても同じだな。,千尋,high,リン is making a comment to Chihiro about the water being so dirty that scrubbing isn't necessary.,0,0,0,0,0,0,0.0000
559,リン,いっぱいになったら、もう一回引きな。止まるから。,千尋,high,リン is instructing Chihiro on the next step: pull the lever again when the bucket is full.,0,0,0,0,0,0,0.0000
560,リン,もう離して大丈夫だよ。,千尋,high,リン is reassuring Chihiro that it's safe to let go now that the bucket is full.,0,0,0,0,0,0,0.0000
561,リン,オレ、朝飯取ってくんな。,千尋,high,リン is instructing 千尋 to fetch breakfast for him.,0,0,0,0,0,0,0.0000
562,千尋,はーい。,リン,high,千尋 is acknowledging リン's request with 'はーい'.,0,0,0,0,0,0,0.0000
563,千尋,あっ…。,self,high,Exclamation expressing surprise or realization to herself.,0,0,0,0,0,0,0.0000
564,千尋,うわっ！,self,high,"Exclamation of shock or pain, self-directed reaction.",0,0,0,0,0,0,0.0000
565,千尋,痛い…。,self,high,"Comment about her own pain, a self-directed reaction.",0,0,0,0,0,0,0.0000
566,千尋,あのう…お風呂まだなんです。,顔無し,high,千尋 is addressing the faceless spirit about the bath situation.,0,1,0,0,0,1,0.0714
567,千尋,えっ？こんなにたくさん…。,self,medium,Reaction of amazement at the large quantity of food being offered.,0,0,0,0,0,0,0.0000
568,顔無し,ウ…ウ…。,千尋,high,顔無し is making vocalizations directed at 千尋.,0,0,0,0,0,0,0.0000
569,千尋,えっ？私にくれるの？,顔無し,high,千尋 is questioning 顔無し about whether the food is meant for her.,0,0,0,0,0,0,0.0000
570,顔無し,ア…ア…。,千尋,high,顔無し continues vocalizing at 千尋.,0,0,0,0,0,0,0.0000
571,千尋,あの…それ、そんなにいらない。,顔無し,high,"千尋 is responding to 顔無し's offer of gold, telling them they don't need so much.",0,0,0,0,0,0,0.0000
572,顔無し,ア…。,千尋,high,顔無し is responding to 千尋's refusal with a vocalizing sound.,0,0,0,0,0,0,0.0000
573,千尋,ダメよ！１つでいいの。,顔無し,high,"千尋 is continuing to refuse 顔無し's gold, saying one is enough.",0,0,0,0,0,0,0.0000
574,顔無し,ア…。,千尋,high,顔無し is again responding to 千尋 with a vocalizing sound.,0,0,0,0,0,0,0.0000
575,千尋,えっ？,self,high,"千尋 is expressing surprise or confusion at what is happening, an interjection.",0,0,0,0,0,0,0.0000
576,千尋,あっ！,self,high,"千尋 is expressing sudden realization or alarm, an interjection.",0,0,0,0,0,0,0.0000
577,千尋,わあっ！,self,high,"千尋 is expressing fear or surprise in response to the unfolding situation, an interjection.",0,0,0,0,0,0,0.0000
578,父役,奥様！,湯婆婆,high,父役 is calling out to 湯婆婆 to alert her to the situation.,0,0,0,0,0,0,0.0000
579,湯婆婆,クサレ神だって？,group:bathhouse workers,medium,湯婆婆 is reacting with surprise to what 父役 has just announced about the spirit.,0,0,0,0,0,0,0.0000
580,父役,それも特大のオクサレ様です。,湯婆婆,high,父役 is providing additional information to 湯婆婆 about the visiting spirit.,0,1,0,0,0,1,0.0714
581,蛙男,真っすぐ橋へ向かって来ます。,group:bathhouse staff,high,蛙男 is reporting to superiors about the approaching customer.,1,0,0,0,0,1,0.0714
582,青蛙、,お帰りください。お引きとりください。,河の神,high,青蛙 is addressing the filthy spirit/customer directly with formal dismissal.,0,0,0,2,0,2,0.1111
583,青蛙、,どうぞお帰りください！お帰りください！,河の神,high,青蛙 continues addressing the customer with repeated dismissal pleas.,0,0,0,2,0,2,0.1053
584,青蛙、,お帰りください！お引きとりください！,河の神,high,青蛙 persists in addressing the customer with formal dismissal language.,0,0,0,2,0,2,0.1111
585,青蛙,ク…サ…イ…。,self,high,青蛙 reacts to the stench with an exclamation expressing disgust.,0,0,0,0,0,0,0.0000
586,湯婆婆,うーん、おかしいね。クサレ神の気配なんかじゃなかったんだが。,group:bathhouse staff,high,湯婆婆 muses aloud to her staff about the contradiction in the situation.,0,0,0,0,0,0,0.0000
587,湯婆婆,来ちまったものは仕方がない。お迎えしな！,group:bathhouse staff,high,湯婆婆 commands her staff to prepare to receive/welcome the customer.,0,0,0,0,0,0,0.0000
588,湯婆婆,こうなったら、できるだけ早く引きとってもらうしかないよ。,group:bathhouse staff,high,湯婆婆 states her strategy to the staff about handling the situation.,0,0,0,0,0,0,0.0000
589,兄役,リンと千！湯バーバ様がお呼びだ。,group:リン and 千尋,high,兄役 is calling リン and 千尋 to come because 湯婆婆 is summoning them.,0,0,0,0,0,0,0.0000
590,千尋,あっ、はい！,兄役,high,千尋 acknowledges the summons with an affirmative response to the messenger.,0,0,0,0,0,0,0.0000
591,湯婆婆,いいかい？お前の初仕事だ。,千尋,high,湯婆婆 is giving instructions to Chihiro about her first job.,0,0,0,0,0,0,0.0000
592,湯婆婆,これから来るお客を大湯で世話するんだよ。,千尋,high,Continuation of instructions to Chihiro about serving customers in the bath.,0,0,0,0,0,0,0.0000
593,千尋,あ…あのう…。,湯婆婆,high,Chihiro is responding with hesitation to 湯婆婆's instructions.,0,0,0,0,0,0,0.0000
594,湯婆婆,四の五の言うと石炭にしちまうよ。分かったね！,千尋,high,湯婆婆 is warning Chihiro and demanding confirmation of understanding.,0,0,0,0,0,0,0.0000
595,父役,みえました。,湯婆婆,high,Father role character is responding to 湯婆婆's instructions as a guest.,1,0,0,0,0,1,0.1667
596,千尋,うっ！,self,high,Chihiro makes an exclamation in reaction to the guest (Father role) appearing.,0,0,0,0,0,0,0.0000
597,湯婆婆,おやめ！お客さんに失礼だよ！,千尋,high,湯婆婆 is scolding Chihiro for being rude to the customer.,0,0,0,0,0,0,0.0000
598,湯婆婆,ヨク・オコヒ・クダサヒマヒタ…。,父役,medium,湯婆婆 is speaking formal/exaggerated language in greeting the guest.,0,0,0,0,0,0,0.0000
599,湯婆婆,アっ…オカネ…。,self,medium,"湯婆婆 appears to be muttering about money, likely to herself.",0,0,0,0,0,0,0.0000
600,湯婆婆,セン！ハヤク・オウケトリナ。,千尋,high,湯婆婆 is calling out to Sen (千尋) to quickly take the guest's payment.,0,0,0,0,0,0,0.0000
601,千尋,ハ…ハイ。,湯婆婆,high,千尋 is responding affirmatively to 湯婆婆's command to hurry and receive payment,0,0,0,0,0,0,0.0000
602,千尋,うーっ！,self,high,Exclamation expressing 千尋's strain or effort while working,0,0,0,0,0,0,0.0000
603,湯婆婆,ナニ・ヒテルンダイ？！ハヤク・ゴアンナイヒナ！,千尋,high,湯婆婆 is scolding 千尋 for doing something wrong and telling her to hurry with guidance,0,0,0,0,0,0,0.0000
604,千尋,ド…ドウゾ。,河の神,high,千尋 is offering something (likely food or payment) to the river spirit guest,0,0,0,0,0,0,0.0000
605,リン,セーン！,千尋,high,リン is calling out to 千尋 by her new name given by 湯婆婆,0,0,0,0,0,0,0.0000
606,リン,うっ！ひでぇ…。,self,high,リン is reacting to the situation with an exclamation of dismay,0,0,0,0,0,0,0.0000
607,リン,飯が！,self,medium,"リン is expressing concern about the food, likely reacting to what just happened with the river spirit",0,0,0,0,0,0,0.0000
608,湯婆婆,窓をお開け！全部だよ！,group:bathhouse workers,high,"湯婆婆 is issuing a command to open all windows, directed at her workers",0,0,0,0,0,0,0.0000
609,千尋,あーっ！,self,high,千尋 exclaims in response to the command or the situation unfolding,0,0,0,0,0,0,0.0000
610,千尋,えっ？ちょっと待って！,湯婆婆,high,"千尋 is pleading with 湯婆婆 to wait, protesting the order to open windows",0,0,0,0,0,0,0.0000
611,湯婆婆,ホホホホホ。汚いね。,千尋,high,湯婆婆 is commenting on how dirty 千尋 is after her outburst.,0,0,0,0,0,0,0.0000
612,父役,笑いごとではありません。,湯婆婆,high,父役 is directly objecting to 湯婆婆's dismissive laughter about the situation.,1,0,0,0,0,1,0.0833
613,湯婆婆,あの子どうするかね。,self,medium,"湯婆婆 is musing to herself about what to do with 千尋, not directly addressing anyone.",0,0,0,0,0,0,0.0000
614,湯婆婆,ほう、足し湯をする気だよ。,父役,high,"湯婆婆 is commenting on 父役's apparent plan to add more hot water, addressing him.",0,0,0,0,0,0,0.0000
615,父役,ああ！汚い手で壁に触りおって！,self,medium,"父役 is expressing frustration about 千尋 touching the wall with dirty hands, likely speaking to himself or to others present.",0,0,0,0,0,0,0.0000
616,湯婆婆,ん？千に新しい札あげたのかい？,父役,high,湯婆婆 is questioning 父役 about whether he gave 千尋 a new token/contract.,0,0,0,0,0,0,0.0000
617,父役,まさか！そんなもったいない。,湯婆婆,high,"父役 is responding to 湯婆婆's question, denying he gave 千尋 a new token.",0,0,0,0,0,0,0.0000
618,千尋,うっ！,self,high,"千尋 is making a brief exclamation of pain or distress, not directed at anyone.",0,0,0,0,0,0,0.0000
619,千尋,うわっ！,self,high,"千尋 is making another brief exclamation, not directed at anyone.",0,0,0,0,0,0,0.0000
620,父役,あぁ！あんな高価な薬湯を！,self,medium,"父役 is expressing dismay about the expensive medicinal bath water being used, likely speaking to himself or the group.",0,0,0,0,0,0,0.0000
621,千尋,あっ！,self,high,"Exclamation of realization or pain, no clear addressee",0,0,0,0,0,0,0.0000
622,リン,セーン！セン、どこだ？！,千尋,high,リン is calling out looking for Sen/Chihiro by name,0,0,0,0,0,0,0.0000
623,千尋,リンさん！,リン,high,千尋 addresses リン directly with respectful suffix,0,0,0,0,0,0,0.0000
624,リン,大丈夫か？！,千尋,high,"リン asks if Chihiro is okay, directed at her",0,0,0,0,0,0,0.0000
625,リン,カマジイにありったけのお湯出すように頼んで来た！,千尋,high,"リン explains what she did for Chihiro, addressing her directly",0,0,0,0,0,0,0.0000
626,リン,最高の薬湯をおごってくれるって！,千尋,high,リン continues explaining about the medicinal bath offered to Chihiro,0,0,0,0,0,0,0.0000
627,千尋,ありがとう！,リン,high,千尋 thanks リン directly,0,0,0,0,0,0,0.0000
628,千尋,あの、ここにトゲみたいのが刺さってるの！,リン,high,"千尋 explains her problem to リン, seeking help",0,0,0,0,0,0,0.0000
629,リン,トゲ？！,千尋,high,リン reacts with concern to what千尋 just said about a thorn,0,0,0,0,0,0,0.0000
630,千尋,深くて取れないの！,リン,high,千尋 elaborates on the thorn problem to リン,0,0,0,0,0,0,0.0000
631,湯婆婆,トゲ？トゲだって？,group:those present,high,"湯婆婆 is reacting to what she overheard about a thorn, addressing the room.",0,0,0,0,0,0,0.0000
632,湯婆婆,うーん…下に人数を集めな！,group:bathhouse workers,high,"She's commanding people downstairs to gather, imperative command to subordinates.",0,0,0,0,0,0,0.0000
633,父役,ヘッ？,湯婆婆,high,父役 is responding to 湯婆婆's command with a surprised exclamation.,0,0,0,0,0,0,0.0000
634,湯婆婆,急ぎな！,group:bathhouse workers,high,湯婆婆 is urgently commanding the workers to hurry.,0,0,0,0,0,0,0.0000
635,湯婆婆,千とリン！そのお方はオクサレ神ではないぞ！,千尋," リン",high,0,0,0,0,0,0,0.0000
636,湯婆婆,このロープをお使い！,千尋," リン",high,0,0,0,0,0,0,0.0000
637,千尋,はい！,湯婆婆,high,千尋 is acknowledging 湯婆婆's instruction with 'はい'.,0,0,0,0,0,0,0.0000
638,リン,よっと。,self,high,リン's utterance is a self-directed grunt/exclamation while preparing.,0,0,0,0,0,0,0.0000
639,リン,しっかり持ってろ！,千尋,high,リン is directly instructing 千尋 to hold on tight.,0,0,0,0,0,0,0.0000
640,千尋,はい！,リン,high,千尋 is responding affirmatively to リン's instruction.,0,0,0,0,0,0,0.0000
641,湯婆婆,グズグズするんじゃないよ！女も力を合わせるんだ！,group:bathhouse workers,high,"湯婆婆 is commanding the women workers to work together, using second person plural imperative.",0,0,0,0,0,0,0.0000
642,千尋,結びました！,湯婆婆,high,千尋 is reporting to her superior that she has completed tying the rope.,1,0,0,0,0,1,0.1667
643,湯婆婆,んー！湯屋一同、心をそろえて！,一同,high,"湯婆婆 is directly addressing all the bathhouse workers to align their hearts, explicitly naming them as audience.",0,0,0,0,0,0,0.0000
644,湯婆婆,引けやー！そーれっ！,一同,high,湯婆婆 is giving a pulling command to the group with enthusiastic calls.,0,0,0,0,0,0,0.0000
645,一同,そーれっ！,group:bathhouse workers,high,一同 is responding in unison to 湯婆婆's pulling command.,0,0,0,0,0,0,0.0000
646,一同,そーれっ！,group:bathhouse workers,high,一同 continues the coordinated pulling effort with the same chant.,0,0,0,0,0,0,0.0000
647,一同,そーれっ！,group:bathhouse workers,high,一同 continues maintaining rhythm and coordination during the group pulling.,0,0,0,0,0,0,0.0000
648,一同,そーれっ！,group:bathhouse workers,high,一同 maintains the synchronized pulling effort.,0,0,0,0,0,0,0.0000
649,千尋,あっ！,self,high,"千尋's exclamation is a spontaneous reaction to an event, not directed at anyone.",0,0,0,0,0,0,0.0000
650,一同,そーれっ！,group:bathhouse workers,high,一同 makes another synchronized response to continue the coordinated pulling effort.,0,0,0,0,0,0,0.0000
651,一同,そーれっ！,group:bathhouse workers,high,一同 indicates a group chanting together in unison.,0,0,0,0,0,0,0.0000
652,千尋,自転車？,self,high,Chihiro speaking to herself in reaction to seeing the bicycle.,0,0,0,0,0,0,0.0000
653,湯婆婆,やはり！さあ、引くんだよ！,千尋,high,Yubaba is giving direct instructions to Chihiro to pull the cart.,0,0,0,0,0,0,0.0000
654,一同,そーれっ！,group:bathhouse workers,high,一同 indicates the group chanting together again.,0,0,0,0,0,0,0.0000
655,一同,そーれっ！,group:bathhouse workers,high,一同 indicates the group chanting together continuing.,0,0,0,0,0,0,0.0000
656,河の神,あー…。,self,medium,"The river spirit making a contented vocalization, likely to himself.",0,0,0,0,0,0,0.0000
657,千尋,うわっ！,self,high,Chihiro's exclamation in reaction to the river spirit's movement.,0,0,0,0,0,0,0.0000
658,リン,セーン！大丈夫か？！,千尋,high,"Lin is calling out to Chihiro by name, asking if she is okay.",0,0,0,0,0,0,0.0000
659,河の神,よきかな…。,self,medium,"The river spirit expressing satisfaction, likely to himself.",0,0,0,0,0,0,0.0000
660,千尋,あっ…。,self,high,Chihiro's exclamation in reaction to the river spirit's contentment.,0,0,0,0,0,0,0.0000
661,湯婆婆,んー？,unknown,low,Interrogative utterance with no clear addressee in immediate context,0,0,0,0,0,0,0.0000
662,蛙男,砂金だ！,group:other characters,medium,Exclamatory statement likely directed at nearby characters to draw attention to the gold dust,0,0,0,0,0,0,0.0000
663,父役,こらー！会社のものだ！勝手に取るな！,顔無し(兄役),high,Father role is confronting the No-Face character (兄役) who is taking company property,0,0,0,0,0,0,0.0000
664,湯婆婆,静かにおし！お客様がまだおいでなんだよ！,group:bathhouse workers,high,Yubaba is scolding workers to be quiet because customers are present,0,0,0,0,0,0,0.0000
665,湯婆婆,千、お客様の邪魔だ。そこを下りな。,千尋,high,"Yubaba directly addresses Chihiro (千) by name, telling her to get down",0,0,0,0,0,0,0.0000
666,湯婆婆,大戸を開けな！お帰りだ！,group:bathhouse workers,high,Yubaba commands workers to open the large door for the departing guest,0,0,0,0,0,0,0.0000
667,河の神,アッハハハハ…。,self,high,"River Spirit's laughter appears to be self-contained amusement, not directed at others",0,0,0,0,0,0,0.0000
668,湯婆婆,千！よくやったね！大儲けだよ！,千尋,high,"Yubaba directly addresses Chihiro (千) by name, praising her work",0,0,0,0,0,0,0.0000
669,湯婆婆,ありゃあ名のある川の主だよ。,group:bathhouse workers,high,Yubaba explains to workers that this was the spirit of a famous river,0,0,0,0,0,0,0.0000
670,湯婆婆,みんなも千を見習いな！,group:bathhouse workers,high,Yubaba tells all workers to learn from Chihiro's example,0,0,0,0,0,0,0.0000
671,湯婆婆,今日は１本つけるからね。,千尋,high,"湯婆婆 is directly addressing Chihiro as the subject of praise, continuing the previous conversation about her accomplishment.",0,0,0,0,0,0,0.0000
672,湯婆婆,さあ、拾った砂金を全部出しな！,千尋,high,"湯婆婆 commands Chihiro to hand over the gold sand she collected, continuing to address her.",0,0,0,0,0,0,0.0000
673,リン,食う？かっぱらって来た。,千尋,high,"リン is offering food to Chihiro, established by the context of their interaction.",0,0,0,0,0,0,0.0000
674,千尋,ありがとう。,リン,high,千尋 is thanking リン for bringing her the food.,0,0,0,0,0,0,0.0000
675,リン,フー…やれやれ。,self,high,This is a self-directed sigh/exclamation expressing fatigue or exasperation.,0,0,0,0,0,0,0.0000
676,千尋,ハクいなかったね。,リン,high,"千尋 is speaking to リン, making an observation about Haku's absence.",0,0,0,0,0,0,0.0000
677,リン,またハクかよ。,千尋,high,"リン is responding to 千尋's comment about Haku, continuing their conversation.",0,0,0,0,0,0,0.0000
678,リン,あいつ時々いなくなるんだよ。,千尋,high,"リン is explaining to 千尋 that Haku sometimes disappears, continuing her response.",0,0,0,0,0,0,0.0000
679,リン,うわさじゃさ、湯バーバにやばいことやらされてんだって。,千尋,high,リン is relaying rumors to 千尋 about what 湯婆婆 makes Haku do.,0,0,0,0,0,0,0.0000
680,千尋,そう…。,リン,medium,"千尋's quiet acknowledgment appears to be responding to or directed at リン, though it could be self-directed thought.",0,0,0,0,0,0,0.0000
681,湯女,リン、消すよ。,リン,high,湯女 is directly addressing リン with an action notice.,0,0,0,0,0,0,0.0000
682,リン,ああ。,湯女,high,リン is responding affirmatively to the 湯女's statement.,0,0,0,0,0,0,0.0000
683,千尋,町がある。海みたい…。,self,high,千尋 is making an observation to herself while looking at the flooded landscape.,0,0,0,0,0,0,0.0000
684,リン,当たり前じゃん。雨が降りゃ海ぐらいできるよ。,千尋,high,リン is responding to and commenting on 千尋's observation.,0,0,0,0,0,0,0.0000
685,リン,オレ、いつかあの町に行くんだ。こんなとこ絶対にやめてやる。,self,medium,"リン is expressing her aspirations and determination, speaking more to herself than directly to someone.",0,0,0,0,0,0,0.0000
686,千尋,うっ！ウエーっ！,self,high,"千尋 is making a sound of distress or nausea, not directed at anyone.",0,0,0,0,0,0,0.0000
687,リン,ん？どうしたん？,千尋,high,リン is asking 千尋 what happened in response to her sound of distress.,0,0,0,0,0,0,0.0000
688,青蛙,砂金だ！,group:others,medium,"青蛙 is announcing an observation about gold dust, likely to whoever is nearby.",0,0,0,0,0,0,0.0000
689,青蛙,あっ！,self,medium,"青蛙 appears to be reacting with surprise or alarm, possibly to himself.",0,0,0,0,0,0,0.0000
690,青蛙,お主、何者だ？客人ではないな。そこに入ってはいけないのだぞ！,千尋,high,青蛙 is directly questioning 千尋 about her identity and warning her not to enter.,0,0,0,0,0,0,0.0000
691,青蛙,おっ！,unknown,medium,"青蛙's exclamation appears to be a reaction to seeing something, possibly self-talk or directed at an unspecified audience.",0,0,0,0,0,0,0.0000
692,青蛙,金だ！金だ！,group:nearby characters,medium,"Excited exclamation about gold, likely directed at whoever is nearby or as self-talk.",0,0,0,0,0,0,0.0000
693,青蛙,こ…これ、わしにくれるのか？,顔無し,high,青蛙 is asking if 顔無し will give him the gold that was just mentioned.,0,0,0,0,0,0,0.0000
694,顔無し,ア…ア…ア…。,青蛙,high,"顔無し is making vocal responses, appearing to communicate with the 青蛙 who just spoke to him.",0,0,0,0,0,0,0.0000
695,青蛙,き…金を出せるのか？,顔無し,high,青蛙 is continuing to question 顔無し about whether he can produce gold.,0,0,0,0,0,0,0.0000
696,顔無し,ア…ア…。,青蛙,high,顔無し continues his vocal response to 青蛙's question.,0,0,0,0,0,0,0.0000
697,青蛙,くれ！,顔無し,high,"青蛙 is demanding that 顔無し give him gold, a direct imperative to 顔無し.",0,0,0,0,0,0,0.0000
698,兄役,誰ぞ？そこにおるのか？,unknown,medium,"兄役 is calling out to an unknown presence in the dark, possibly the 顔無し.",0,0,0,0,0,0,0.0000
699,兄役,消灯時間はとうに過ぎたぞ。,unknown,medium,"兄役 is addressing whoever is present, warning about lights-out time.",0,0,0,0,0,0,0.0000
700,顔無し(青蛙),兄役殿、オレは腹がへった。腹ペコだ。,兄役,high,顔無し(青蛙) is directly addressing 兄役 by title and stating his complaint about being hungry.,0,0,0,0,0,0,0.0000
701,兄役,そ…その声は？！,顔無し(青蛙),high,兄役 is responding in surprise to the mysterious voice just heard from 顔無し(青蛙).,0,0,0,0,0,0,0.0000
702,顔無し(青蛙),前金だ。受け取れ。,兄役,high,顔無し(青蛙) is directly addressing 兄役 and offering payment ('前金だ。受け取れ').,0,0,0,0,0,0,0.0000
703,顔無し(青蛙),わしは客だぞ。風呂にも入るぞ！みんな起こせー！,group:bathhouse workers,high,"顔無し(青蛙) is issuing commands to wake up the staff ('みんな起こせー'), addressing the group at the bathhouse.",0,0,0,0,0,0,0.0000
704,千尋,お父さん、お母さん。河の神様からもらったおダンゴだよ。,group:her parents,high,千尋 is directly addressing her parents ('お父さん、お母さん') and telling them about the dumplings.,0,0,0,0,0,0,0.0000
705,千尋,これを食べれば、人間に戻れるよ、きっと。,group:her parents,high,"千尋 continues speaking to her parents, explaining the effect of eating the dumplings.",0,0,0,0,0,0,0.0000
706,千尋,お父さん、お母さん、どこ？,self,high,"千尋 is asking a rhetorical question to herself, searching for her parents.",0,0,0,0,0,0,0.0000
707,千尋,お父さーん！,お父さん,high,千尋 is calling out for her father specifically.,0,0,0,0,0,0,0.0000
708,千尋,ハっ！,self,high,"千尋 makes a sharp intake of breath indicating sudden realization, not directed at anyone.",0,0,0,0,0,0,0.0000
709,千尋,フー…やな夢。,self,high,"千尋 is expressing her own relief/disgust about having a bad dream, speaking to herself.",0,0,0,0,0,0,0.0000
710,千尋,リン？,リン,high,千尋 is calling out the name 'リン' to locate or address that character.,0,0,0,0,0,0,0.0000
711,千尋,誰もいない。,self,high,Monologue observation while alone in the bathhouse.,0,0,0,0,0,0,0.0000
712,千尋,あっ、本当に海になってる！,self,high,Exclamation of surprise to herself upon seeing the flooded bathhouse.,0,0,0,0,0,0,0.0000
713,千尋,ここからお父さん達のとこ見えるんだ。,self,high,Internal reflection about seeing her parents from this location.,0,0,0,0,0,0,0.0000
714,千尋,カマジイがもう火をたいてる。そんなに寝ちゃったのかな。,self,high,Self-directed observation about the time that has passed and Kamaji's activities.,0,0,0,0,0,0,0.0000
715,兄役,お客様がお待ちだぞ！もっと早くできんのか？！そこ！,group:bathhouse workers,high,Supervisor addressing workers to serve customers faster.,0,0,0,0,0,0,0.0000
716,父役,余りものでも何でもいい！どんどんお出ししろ。,group:bathhouse workers,high,Supervisor instructing workers to serve any available food quickly.,0,0,0,0,0,0,0.0000
717,リン,セーン！,unknown,medium,Brief exclamation that could be calling someone or expressing emphasis.,0,0,0,0,0,0,0.0000
718,千尋,リンさん。,リン,high,Chihiro addressing Lin by name with honorific suffix.,0,0,0,0,0,0,0.0000
719,リン,今起こしに行こうと思ったんだ。見な！,千尋,high,Lin responding to Chihiro and inviting her to look at something.,0,0,0,0,0,0,0.0000
720,リン,本物の金だ！もらったんだ。,千尋,high,Lin continuing to speak to Chihiro about the real gold she received.,0,0,0,0,0,0,0.0000
721,リン,すげぇ気前のいい客が来たんだ。,千尋,high,"リン is responding to 千尋's earlier question about the generous customer, continuing their conversation.",0,0,0,0,0,0,0.0000
722,顔無し(青蛙),オレは腹ペコだ！全部持って来い！,group:bathhouse workers,high,顔無し(青蛙) is giving orders about food to whoever is serving; likely directed at multiple workers.,0,0,0,0,0,0,0.0000
723,千尋,そのお客さんて…。,リン,high,千尋 is asking リン about the customer she just mentioned.,0,0,0,0,0,0,0.0000
724,リン,千も来い。湯バーバまだ寝てるからチャンスだぞ。,千尋,high,リン uses 千 (informal form of 千尋's name) directly and invites her to come along.,0,0,0,0,0,0,0.0000
725,千尋,私、カマジイのとこ行かなきゃ。,リン,high,千尋 is responding to リン's invitation by explaining she must go elsewhere.,0,0,0,0,0,0,0.0000
726,リン,今カマジイのとこ行かないほうがいいぞ！,千尋,high,リン is directly advising 千尋 not to go to 釜爺's place right now.,0,0,0,0,0,0,0.0000
727,リン,たたき起こされてものすごく不機嫌だから！,千尋,high,リン continues warning 千尋 about 釜爺's current mood.,0,0,0,0,0,0,0.0000
728,湯女,リン、もう一回行こう。,リン,high,湯女 is directly addressing リン with a request to go somewhere together.,0,0,0,0,0,0,0.0000
729,リン,ああ！,湯女,high,リン is agreeing affirmatively to 湯女's proposal to go.,0,0,0,0,0,0,0.0000
730,千尋,お父さんとお母さん分からなかったらどうしよう？,self,high,"千尋 is expressing her own worried thoughts aloud, not addressing anyone in particular.",0,0,0,0,0,0,0.0000
731,千尋,お父さんあんまり太ってたらやだなぁ。,self,high,"Internal worry about her father's appearance, spoken to herself.",0,0,0,0,0,0,0.0000
732,千尋,ん？あっ！,self,high,"Exclamation of realization, not directed at anyone.",0,0,0,0,0,0,0.0000
733,千尋,橋のとこで見た竜だ！こっちへ来る！,self,high,Observation and warning to herself about the approaching dragon.,0,0,0,0,0,0,0.0000
734,千尋,何だろう？鳥じゃない。,self,high,Questioning observation made to herself about what the creature is.,0,0,0,0,0,0,0.0000
735,千尋,うわっ！,self,high,"Startled exclamation, not directed at anyone.",0,0,0,0,0,0,0.0000
736,千尋,ハク！しっかり！こっちよ！,ハク,high,Directly calling out to Haku by name and commanding him to come toward her.,0,0,0,0,0,0,0.0000
737,千尋,ハク？,ハク,high,"Calling out to Haku, using his name as a question.",0,0,0,0,0,0,0.0000
738,千尋,ハクー！,ハク,high,"Calling out to Haku with emphasis, extending his name.",0,0,0,0,0,0,0.0000
739,千尋,ヒャー！,self,high,"Scared exclamation, not directed at anyone.",0,0,0,0,0,0,0.0000
740,千尋,うわぁ！あー！あー！,self,high,"Scared screaming/crying out, not directed at anyone.",0,0,0,0,0,0,0.0000
741,千尋,あっ…ただの紙だ。,self,high,Chihiro is observing and commenting to herself about what the paper has become.,0,0,0,0,0,0,0.0000
742,千尋,ハクね？ハクでしょ？,self,high,Chihiro is questioning and confirming to herself that the paper is Haku.,0,0,0,0,0,0,0.0000
743,千尋,ケガしてるの？あの紙のトリは行ってしまったよ。,self,medium,"Chihiro appears to be talking to herself about Haku's injury, though could be addressing Haku directly.",0,0,0,0,0,0,0.0000
744,千尋,もう大丈夫だよ。,ハク,high,"Chihiro is reassuring Haku that he will be okay, addressing him directly.",0,0,0,0,0,0,0.0000
745,千尋,うわっ！,self,high,"Chihiro's exclamation is a reaction to something startling, not directed at anyone.",0,0,0,0,0,0,0.0000
746,千尋,湯バーバのとこへ行くんだ…。,self,high,Chihiro is stating her determination to herself about what she needs to do.,0,0,0,0,0,0,0.0000
747,千尋,どうしよう？ハクが死んじゃう！,self,high,Chihiro is expressing her distress and panic to herself about Haku's condition.,0,0,0,0,0,0,0.0000
748,兄役,♪ そーれ！さぁてもこの世にきわまれる、お大尽様のおなりだよ！それー！,group:bathhouse workers,high,"The character in 兄役 is performing an announcement to welcome an important guest, addressing the bathhouse staff.",0,0,0,0,0,0,0.0000
749,一同,いらっしゃいませー！,group:bathhouse workers,high,一同 indicates all workers are responding in unison to greet the guest.,1,0,0,1,0,1,0.1000
750,兄役,♪ それ！おねだり、あっ、おねだり！それっ！,group:bathhouse workers,high,The 兄役 continues his performance and chant directed at the assembled workers.,0,0,0,0,0,0,0.0000
751,一同,お大尽様！お大尽様！,unknown,medium,"A group exclamation about an arriving customer, likely directed at the assembled workers or announcing to all present.",0,0,0,0,0,0,0.0000
752,湯女１,来るよ！,group:bathhouse workers,high,"A warning that the customer is arriving, spoken to alert nearby colleagues.",0,0,0,0,0,0,0.0000
753,蛙男１,今度こそもらわなきゃ。,self,high,A frog worker's internal thought/resolution about needing to get money from this customer.,0,0,0,0,0,0,0.0000
754,湯女２,いくらでも手からわくんだって！,group:bathhouse workers,medium,"Commenting on the customer's wealth to coworkers, likely to motivate them or share information.",0,0,0,0,0,0,0.0000
755,蛙男２,お大尽様！こちらへもひとまき！,unknown,medium,"Addressing the customer with a tip request, but could be directed at an audience or group.",0,0,0,0,0,0,0.0000
756,蛙男３,こらっ、何をする？,unknown,low,"An exclamation of alarm or protest about something happening, addressee is unclear from context.",0,0,0,0,0,0,0.0000
757,千尋,上へ行くんです。,蛙男３,high,"Chihiro is responding directly to the frog who just questioned her, explaining her intention.",0,1,0,0,0,1,0.1250
758,蛙男３,ダメだ、ダメだ。ん？,千尋,high,"The frog is refusing Chihiro's request to go upstairs, speaking directly to her.",0,0,0,0,0,0,0.0000
759,蛙男３,あっ！血だ！,group:bathhouse workers,medium,"An exclamation spotting blood, likely alerting others nearby to this observation.",0,0,0,0,0,0,0.0000
760,兄役,どけどけ。お客様のお通りだ。,group:bathhouse workers,high,"The costumed performer is announcing to clear the way for an arriving customer, addressing all present.",0,0,0,0,0,0,0.0000
761,千尋,あの時はありがとうございます。,顔無し,high,千尋 is thanking the masked spirit for helping her earlier in the preceding context.,1,0,1,0,0,1,0.0667
762,兄役,何をしてる？はよ…。,千尋,high,"兄役 is speaking to 千尋 who is standing before him, asking what she's doing.",0,0,0,0,0,0,0.0000
763,兄役,うっ！,self,high,"兄役's reaction to being poisoned or affected by 顔無し, a brief exclamation.",0,0,0,0,0,0,0.0000
764,千尋,あっ…。,self,high,"千尋's brief exclamation reacting to the situation, not directed at another character.",0,0,0,0,0,0,0.0000
765,顔無し,ア…ア…ア…。,千尋,medium,"顔無し is making sounds while moving toward 千尋, likely vocalizing at her.",0,0,0,0,0,0,0.0000
766,顔無し,ア…ア…ア…。,千尋,medium,Continuation of 顔無し's vocalizations directed at 千尋.,0,0,0,0,0,0,0.0000
767,顔無し,エ…エ…。,千尋,medium,"顔無し continues vocalizing, presumably at 千尋 who is the main focus in the scene.",0,0,0,0,0,0,0.0000
768,千尋,欲しくない。いらない。,顔無し,high,千尋 is directly refusing what 顔無し is offering/asking for.,0,0,0,0,0,0,0.0000
769,顔無し,エ…エ…。,千尋,medium,顔無し continues vocalizing sounds toward 千尋.,0,0,0,0,0,0,0.0000
770,千尋,私、忙しいので失礼します。,顔無し,high,"千尋 is politely excusing herself from 顔無し, addressing the spirit directly.",1,0,0,0,0,1,0.0769
771,兄役,ええい！静まれ！静まらんか！,group:bathhouse workers,high,"兄役 is commanding a group to be quiet, addressing multiple people.",0,0,0,0,0,0,0.0000
772,兄役,下がれ、下がれ！,group:bathhouse workers,high,兄役 is directing multiple people to move back/make way.,0,0,0,0,0,0,0.0000
773,兄役,これはとんだご無礼をいたしました。,顔無し(青蛙),high,兄役 is apologizing to the spirit (顔無し) for the disturbance caused.,1,0,0,0,1,1,0.0588
774,兄役,何ぶん新米の人間の小娘でございまして…。,顔無し(青蛙),high,兄役 continues apologizing and explaining about Chihiro to the spirit.,1,0,0,0,0,1,0.0500
775,顔無し(青蛙),お前、なぜ笑う？,兄役,high,顔無し(青蛙) is directly questioning 兄役 about why he is laughing.,0,0,0,0,0,0,0.0000
776,兄役,えっ？,顔無し(青蛙),high,兄役 is responding in surprise to the spirit's accusation.,0,0,0,0,0,0,0.0000
777,顔無し(青蛙),笑ったな。,兄役,high,顔無し(青蛙) is accusing 兄役 of laughing.,0,0,0,0,0,0,0.0000
778,兄役,めっそうもない！,顔無し(青蛙),high,兄役 is desperately denying the accusation to the spirit.,0,0,0,0,0,0,0.0000
779,湯女３,あーっ！,unknown,medium,"湯女３ is exclaiming in reaction, likely to the group or self in alarm.",0,0,0,0,0,0,0.0000
780,一同,食ったー！！,group:bathhouse workers,high,一同 (everyone) is announcing together that 顔無し ate someone.,0,0,0,0,0,0,0.0000
781,千尋,わっ！,self,high,Exclamation of shock or surprise with no addressee indicated.,0,0,0,0,0,0,0.0000
782,千尋,湯バーバ！,湯婆婆,high,Directly calling out to Yubaba by name.,0,0,0,0,0,0,0.0000
783,千尋,ああっ！,self,high,Exclamation expressing distress or alarm with no addressee.,0,0,0,0,0,0,0.0000
784,湯婆婆,まったく何てことだろうね！,千尋,high,"Yubaba is responding to the situation Chihiro has caused, addressing her about the problem.",0,0,0,0,0,0,0.0000
785,千尋,あっ！,self,high,Brief exclamation of realization or concern with no clear addressee.,0,0,0,0,0,0,0.0000
786,湯婆婆,そいつの正体はカオナシだよ。,千尋,high,Yubaba is explaining to Chihiro the identity of the mysterious guest.,0,0,0,0,0,0,0.0000
787,湯婆婆,そう！カオナシ！,千尋,high,Yubaba is continuing her explanation to Chihiro about No-Face.,0,0,0,0,0,0,0.0000
788,湯婆婆,欲にかられてとんでもない客を引き入れたもんだよ！,千尋,high,Yubaba is blaming Chihiro and staff for bringing in this problematic guest.,0,0,0,0,0,0,0.0000
789,湯婆婆,私が行くまで余計なことをすんじゃないよ。,group:bathhouse workers,high,Yubaba is giving orders to the workers not to take action until she arrives.,0,0,0,0,0,0,0.0000
790,湯婆婆,あーあ、敷物を汚しちまって。,self,high,Yubaba is lamenting the situation to herself about the mess created.,0,0,0,0,0,0,0.0000
791,湯婆婆,お前達、ハクを片付けな。,group:bathhouse workers,high,"湯婆婆 is commanding multiple workers to deal with Haku, indicated by 'お前達' (you all).",0,0,0,0,0,0,0.0000
792,千尋,えっ？,湯婆婆,high,"千尋 is responding with surprise to 湯婆婆's command, questioning what she just said.",0,0,0,0,0,0,0.0000
793,湯婆婆,もうその子は使いものにならないよ。,千尋,high,"湯婆婆 is explaining her statement to 千尋, who just expressed confusion.",0,0,0,0,0,0,0.0000
794,千尋,あっ！,湯婆婆,medium,"千尋's exclamation reacts to the shocking statement, likely directed at 湯婆婆 or self.",0,0,0,0,0,0,0.0000
795,湯婆婆,バア。,坊,high,湯婆婆 is calling out to 坊 ('バア' is a term of endearment used toward the baby).,0,0,0,0,0,0,0.0000
796,坊,ンン…。,湯婆婆,high,坊 makes a sound in response to 湯婆婆 calling him.,0,0,0,0,0,0,0.0000
797,湯婆婆,もう、坊はまたベッドで寝ないで…。,坊,high,湯婆婆 is addressing 坊 about his behavior of not sleeping in bed.,0,0,0,0,0,0,0.0000
798,坊,アアア…アアア…。,湯婆婆,high,坊 makes sounds in response to 湯婆婆's scolding.,0,0,0,0,0,0,0.0000
799,湯婆婆,ああ、ごめんごめん。いい子でおネンネしてたのにね。,坊,high,"湯婆婆 is speaking tenderly to 坊, apologizing and talking about him sleeping.",0,0,0,0,0,0,0.0000
800,湯婆婆,バーバはまだお仕事があるの。,坊,high,"湯婆婆 is speaking to 坊, explaining that she still has work to do.",0,0,0,0,0,0,0.0000
801,湯婆婆,いい子でおネンネしててね。,坊,high,"湯婆婆 is speaking to 坊, continuing her earlier conversation with him about sleeping.",0,0,0,0,0,0,0.0000
802,千尋,あっ！,self,high,"千尋 exclaims in surprise, a reaction to something happening; self-directed exclamation.",0,0,0,0,0,0,0.0000
803,千尋,痛い！離して！,unknown,medium,"千尋 is calling out that something hurts and asking someone to let go, but the specific addressee is unclear from context.",0,0,0,0,0,0,0.0000
804,千尋,あっ、助けてくれてありがとう。,坊,high,"千尋 is thanking whoever just helped her; based on context, 坊 is the character present and likely the one who helped.",0,0,0,0,0,0,0.0000
805,千尋,私、急いで行かなくちゃならないの。離してくれる？,坊,high,"千尋 is asking 坊 to let go of her so she can leave, continuing direct address to him.",0,0,0,0,0,0,0.0000
806,坊,お前、病気うつしに来たんだな？,千尋,high,"坊 is directly addressing 千尋, accusing her of coming to spread disease.",0,0,0,0,0,0,0.0000
807,千尋,えっ？,坊,high,"千尋 responds with confusion to 坊's accusation, implicitly addressing him.",0,0,0,0,0,0,0.0000
808,坊,おんもには悪いバイキンしかいないんだぞ。,千尋,high,坊 continues explaining to 千尋 that the outside world has bad germs.,0,0,0,0,0,0,0.0000
809,千尋,私、人間よ。この世界じゃちょっと珍しいかもしれないけど。,坊,high,"千尋 is responding directly to 坊's comments about germs, explaining that she is human.",0,0,0,0,0,0,0.0000
810,坊,おんもは体に悪いんだぞ。ここにいて坊とお遊びしろ。,千尋,high,"坊 is directly addressing 千尋, telling her the outside is bad and inviting her to play with him.",0,0,0,0,0,0,0.0000
811,千尋,あなた病気なの？,坊,high,千尋 is asking 坊 directly about his health status in response to his statements about illness.,0,0,0,0,0,0,0.0000
812,坊,おんもに行くと病気になるからここにいるんだ。,千尋,high,"坊 is explaining to 千尋 why he stays inside, responding to her question.",0,0,0,0,0,0,0.0000
813,千尋,こんなとこにいたほうが病気になるよ！,坊,high,"千尋 is arguing directly with 坊, contradicting his claim about staying inside being healthy.",0,0,0,0,0,0,0.0000
814,千尋,あのね、私のとても大切な人が大ケガしてるの。,坊,high,千尋 is explaining her urgent situation to 坊 to convince him to let her go.,0,0,0,0,0,0,0.0000
815,千尋,だからすぐ行かなきゃならないの。お願い、手を離して！,坊,high,"千尋 is pleading directly with 坊, asking him to release his grip on her hand.",0,0,0,0,0,0,0.0000
816,坊,行ったら泣いちゃうぞ。,千尋,high,坊 is threatening 千尋 with consequences if she tries to leave.,0,0,0,0,0,0,0.0000
817,坊,坊が泣いたらすぐバーバが来てお前なんか殺しちゃうぞ。,千尋,high,"坊 is continuing his threat, warning 千尋 about what will happen if he cries.",0,0,0,0,0,0,0.0000
818,坊,こんな手すぐ折っちゃうぞ。,千尋,high,"坊 is making a threatening gesture toward 千尋, saying he'll break her hand.",0,0,0,0,0,0,0.0000
819,千尋,痛い！痛い！,坊,high,千尋 is crying out in pain to 坊 who is hurting her hand.,0,0,0,0,0,0,0.0000
820,千尋,ねっ、後で戻って来て遊んであげるから。,坊,high,"千尋 is making a promise to 坊, asking him to let her go with the offer to return later.",0,0,0,0,0,0,0.0000
821,坊,ダメ！今遊ぶの！,千尋,high,"坊 is demanding to play now, directly addressing Chihiro who just said she'd come back later.",0,0,0,0,0,0,0.0000
822,坊,ん？,千尋,medium,"坊 makes a questioning sound in response to Chihiro's actions, likely reacting to her.",0,0,0,0,0,0,0.0000
823,千尋,血！分かる？血！,坊,high,"千尋 is pointing out blood to坊, explaining what it is in response to his previous aggression.",0,0,0,0,0,0,0.0000
824,千尋,ハクー！,ハク,high,"千尋 calls out Haku's name, clearly addressing him for help.",0,0,0,0,0,0,0.0000
825,千尋,何するの？！あっち行って！シッ、シッ。,坊,high,"千尋 is telling坊 to go away, using dismissive gestures toward him.",0,0,0,0,0,0,0.0000
826,千尋,ハク！ハクね！しっかりして！,ハク,high,"千尋 calls out to Haku by name, urging him to stay conscious.",0,0,0,0,0,0,0.0000
827,千尋,静かにして！ハク！,ハク,high,"千尋 tells Haku to be quiet and stay focused, addressing him directly.",0,0,0,0,0,0,0.0000
828,千尋,あっ！,self,high,"千尋 makes a surprised exclamation with no clear addressee, appearing to be a reaction to events.",0,0,0,0,0,0,0.0000
829,千尋,あっち行って！,坊,high,千尋 continues telling坊 to go away in response to his continued presence.,0,0,0,0,0,0,0.0000
830,千尋,あっ！ダメ！,坊,high,"千尋 expresses alarm at坊's actions, addressing him with a command not to do something.",0,0,0,0,0,0,0.0000
831,坊,血なんか平気だぞ。,千尋,high,坊 is bragging to 千尋 about not being afraid of blood in response to her distress.,0,0,0,0,0,0,0.0000
832,坊,遊ばないと泣いちゃうぞ。,千尋,high,坊 is threatening 千尋 that he will cry if she doesn't play with him.,0,0,0,0,0,0,0.0000
833,千尋,待って。ねっ？いい子だから！,坊,high,"千尋 is pleading with 坊 to wait, calling him a good boy.",0,0,0,0,0,0,0.0000
834,坊,坊と遊ばないと泣いちゃうぞ…。,千尋,high,坊 is reiterating his threat to 千尋 about crying if she won't play with him.,0,0,0,0,0,0,0.0000
835,千尋,お願い！待って！,坊,high,千尋 is pleading with 坊 to wait as she tries to manage the situation.,0,0,0,0,0,0,0.0000
836,銭婆,うるさいねぇ。静かにしておくれ。,group:坊 and 千尋,high,銭婆 is telling them both to be quiet and calm down.,0,0,0,0,0,0,0.0000
837,銭婆,あんたはちょっと太り過ぎね。,坊,high,"銭婆 is commenting on 坊's weight, addressing him directly.",0,0,0,0,0,0,0.0000
838,銭婆,やっぱりちょっと透けるわね。,坊,high,銭婆 is continuing her observation about 坊's appearance and transparency.,0,0,0,0,0,0,0.0000
839,坊,バーバ。,銭婆,high,坊 is calling out to his mother 銭婆 (バーバ is his childish term for her).,0,0,0,0,0,0,0.0000
840,銭婆,やれやれ。お母さんと私の区別もつかないのかい。,坊,high,銭婆 is sarcastically expressing that 坊 cannot distinguish between her and his real mother.,0,0,0,0,0,0,0.0000
841,銭婆,そのほうが少しは動きやすいだろ。,千尋,high,銭婆 is telling someone to move more easily; context shows she's addressing the disguised 千尋.,0,0,0,0,0,0,0.0000
842,銭婆,さーてと…お前達は何がいいかね。,group:spirits/customers,medium,"銭婆 is asking what food others want, addressing multiple people present.",0,0,0,0,0,0,0.0000
843,千尋,あっ！,self,high,"千尋's exclamation is a reaction/internal outburst, not addressed to anyone.",0,0,0,0,0,0,0.0000
844,銭婆,フフフ…。,self,high,"銭婆's laugh is a self-directed vocalization/reaction, not dialogue to another character.",0,0,0,0,0,0,0.0000
845,銭婆,このことは内緒だよ。,千尋,high,銭婆 is telling someone to keep a secret; context indicates she's warning the disguised 千尋.,0,0,0,0,0,0,0.0000
846,銭婆,誰かにしゃべるとお前の口が裂けるからね。,千尋,high,"銭婆 continues the warning about the secret, threatening 千尋 specifically with consequences.",0,0,0,0,0,0,0.0000
847,千尋,あなたは誰？,銭婆,high,千尋 is asking 銭婆 who she is.,0,0,0,0,0,0,0.0000
848,銭婆,湯バーバの双子の姉さ。,千尋,high,銭婆 is answering 千尋's question about her identity.,0,0,0,0,0,0,0.0000
849,銭婆,お前さんのおかげで、ここを見物できて面白かったよ。,千尋,high,銭婆 is thanking 千尋 (using お前さん) for the entertainment.,0,0,0,0,0,0,0.0000
850,銭婆,さあ、その竜を渡しな。,千尋,high,銭婆 is ordering 千尋 to hand over ハク (the dragon).,0,0,0,0,0,0,0.0000
851,千尋,ハクをどうするの？ひどいケガなの。,銭婆,high,千尋 is asking 銭婆 a direct question about what will happen to ハク.,0,0,0,0,0,0,0.0000
852,銭婆,そいつは妹の手先のドロボー竜だよ。,千尋,high,銭婆 is responding to 千尋's question with an explanation about ハク.,0,0,0,0,0,0,0.0000
853,銭婆,私の所から大事なハンコを盗み出した。,千尋,high,銭婆 continues explaining the situation about the stolen seal to 千尋.,0,0,0,0,0,0,0.0000
854,ハク,ハクがそんなことするはずない！優しい人だもん。,銭婆,high,"千尋 is protesting 銭婆's claim about ハク, directly addressing her.",0,0,0,0,0,0,0.0000
855,銭婆,竜はみんな優しいよ。優しくて愚かだ。,千尋,high,銭婆 is responding to 千尋's protest with a general statement about dragons.,0,0,0,0,0,0,0.0000
856,銭婆,魔法の力を手に入れようとして、妹の弟子になるなんてね。,千尋,high,銭婆 continues her explanation to 千尋 about why ハク became 湯婆婆's disciple.,0,0,0,0,0,0,0.0000
857,銭婆,この若者は欲深の妹の言いなりだ。,千尋,high,銭婆 is continuing her explanation to 千尋 about ハク's condition and motivation.,0,0,0,0,0,0,0.0000
858,銭婆,さあ、そこをどきな。,千尋,high,銭婆 is giving a direct command to 千尋 to move out of the way.,0,0,0,0,0,0,0.0000
859,銭婆,どのみちこの竜はもう助からないよ。,千尋,high,銭婆 is speaking to 千尋 to inform her that the dragon cannot be saved.,0,0,0,0,0,0,0.0000
860,銭婆,ハンコには守りのまじないがかけてあるからね。盗んだ者が死ぬようにと。,千尋,high,銭婆 is explaining to 千尋 how the curse on the seal works.,0,0,0,0,0,0,0.0000
861,千尋,イヤ！ダメ！,銭婆,high,千尋 is protesting/refusing the 銭婆's actions or statements.,0,0,0,0,0,0,0.0000
862,銭婆,何だろうね？この連中は。,self,high,"銭婆 is speaking to herself, wondering about the group of people.",0,0,0,0,0,0,0.0000
863,銭婆,これっ、おやめ。部屋にお戻りな。,group:spirits,high,銭婆 is commanding a group to stop and return to their rooms.,0,0,0,0,0,0,0.0000
864,銭婆,ん？,self,high,銭婆 is making a brief questioning sound to herself in reaction to something.,0,0,0,0,0,0,0.0000
865,千尋,あっ！,self,high,千尋 is making an exclamation in response to what's happening.,0,0,0,0,0,0,0.0000
866,銭婆,あらあら、油断したねぇ。,self,high,"銭婆 is speaking to herself, realizing she was careless.",0,0,0,0,0,0,0.0000
867,千尋,ハク！あっ、ダメ！キャー！,ハク,high,千尋 is calling out to ハク by name and reacting with alarm.,0,0,0,0,0,0,0.0000
868,千尋,ハク！,ハク,high,千尋 is calling out to ハク again by name.,0,0,0,0,0,0,0.0000
869,釜爺,うわっ！,self,high,釜爺 is exclaiming in surprise at something he witnesses.,0,0,0,0,0,0,0.0000
870,釜爺,何ごとじゃい？！,self,high,"釜爺 is speaking to himself, questioning what is happening.",0,0,0,0,0,0,0.0000
871,千尋,ハク！,ハク,high,千尋 is calling out to ハク by name in distress.,0,0,0,0,0,0,0.0000
872,釜爺,待ちなさい！,千尋,high,"釜爺 is commanding 千尋 to wait, using imperative form.",0,0,0,1,0,1,0.1667
873,千尋,ハク！,ハク,high,千尋 continues calling out to ハク by name.,0,0,0,0,0,0,0.0000
874,千尋,苦しいの？,ハク,high,"千尋 is asking ハク if he is in pain, with direct address.",0,0,0,0,0,0,0.0000
875,釜爺,こりゃー、いかん。,self,high,釜爺 is expressing concern to himself about the situation.,0,0,0,0,0,0,0.0000
876,千尋,ハク！しっかり！,ハク,high,"千尋 is addressing ハク directly, urging him to stay strong.",0,0,0,0,0,0,0.0000
877,千尋,どうしよう？ハクが死んじゃう！,self,high,千尋 is expressing panic to herself about what to do.,0,0,0,0,0,0,0.0000
878,釜爺,体の中で何かが命を食い荒らしとる。,千尋,high,釜爺 is explaining to 千尋 what is happening inside ハク's body.,0,0,0,0,0,0,0.0000
879,千尋,体の中？,釜爺,high,千尋 is asking 釜爺 a clarifying question about what he just said.,0,0,0,0,0,0,0.0000
880,釜爺,強い魔法だ。わしにはどうにもならん。,千尋,high,釜爺 is explaining to 千尋 that it is a powerful spell he cannot handle.,0,0,0,0,0,0,0.0000
881,千尋,ハク、これ、河の神様がくれたおダンゴ。,ハク,high,千尋 is directly addressing ハク with 'ハク' as vocative and explaining what she's giving him.,0,0,0,0,0,0,0.0000
882,千尋,効くかもしれない。食べて。,ハク,high,Continuation of addressing ハク with imperative command 'eat'.,0,0,0,0,0,0,0.0000
883,千尋,ハク、口を開けて！,ハク,high,Direct vocative 'ハク' followed by imperative command to open mouth.,0,0,0,0,0,0,0.0000
884,千尋,ハク、お願い！食べて！,ハク,high,Direct vocative 'ハク' with plea and imperative to eat.,0,0,0,0,0,0,0.0000
885,千尋,ほら、平気だよ。,ハク,high,Reassurance statement 'it's okay' spoken to comfort ハク during feeding.,0,0,0,0,0,0,0.0000
886,釜爺,そりゃあニガダンゴか。,千尋,high,"釜爺 is responding to what 千尋 showed him, identifying it as bitter dango.",0,0,0,0,0,0,0.0000
887,千尋,開けて…いい子だから…。,ハク,high,"Encouragement directed at ハク to open mouth, using 'いい子だから' (be a good boy).",0,0,0,0,0,0,0.0000
888,千尋,大丈夫…。飲み込んで！,ハク,high,Reassurance and instruction to ハク to swallow.,0,0,0,0,0,0,0.0000
889,釜爺,出た！こいつだ！,千尋,high,"釜爺 is exclaiming about what emerged, reporting to 千尋 who is concerned about ハク.",0,0,0,0,0,0,0.0000
890,千尋,あっ！,self,high,"Interjection expressing surprise or concern, likely self-directed reaction.",0,0,0,0,0,0,0.0000
891,千尋,ハンコ！,釜爺,high,"千尋 is calling out to 釜爺 who just caught the spirit, demanding the stamp.",0,0,0,0,0,0,0.0000
892,釜爺,逃げた！あっち！あっち！あっち！,group:workers,high,釜爺 is directing multiple people to chase after the escaped spirit.,0,0,0,0,0,0,0.0000
893,千尋,うわっ！あっ！あっ！,self,high,千尋's exclamations while reacting to the chaos around her.,0,0,0,0,0,0,0.0000
894,千尋,ああああ！,self,high,千尋's continued exclamation of distress during the chase scene.,0,0,0,0,0,0,0.0000
895,釜爺,エンガチョ！千！エンガチョ！,千尋,high,釜爺 is shouting 'エンガチョ' (a Japanese exorcism phrase) and 千's name to warn or direct her.,0,0,0,0,0,0,0.0000
896,釜爺,切った！,self,high,釜爺 is commenting to himself about cutting the connection/curse.,0,0,0,0,0,0,0.0000
897,千尋,おじさん、これ、湯バーバのお姉さんのハンコなの。,釜爺,high,千尋 is explaining to 釜爺 that the stamp belongs to 湯婆婆's older sister.,0,0,0,0,0,0,0.0000
898,釜爺,ゼニーバの？魔女の契約印か！,self,high,"釜爺 is reacting to himself, identifying the stamp as belonging to ゼニーバ and recognizing it as a witch's contract seal.",0,0,0,0,0,0,0.0000
899,釜爺,そりゃまたえらいものを …。,self,high,釜爺 is muttering to himself about the significance of what 千尋 has brought.,0,0,0,0,0,0,0.0000
900,千尋,ああ…やっぱりハクだ！おじさん、ハクよ！,釜爺,high,千尋 is excitedly telling 釜爺 that she has found ハク.,0,0,0,0,0,0,0.0000
901,釜爺,おう…。,千尋,high,釜爺 is responding to 千尋's previous statement about ハク.,0,0,0,0,0,0,0.0000
902,千尋,ハク！ハク！ハク！,ハク,high,"千尋 is calling out to ハク repeatedly, trying to get his attention.",0,0,0,0,0,0,0.0000
903,千尋,おじさん！ハク息してない！,釜爺,high,"千尋 is alerting 釜爺 about ハク's condition, using 'おじさん' as direct address.",0,0,0,0,0,0,0.0000
904,釜爺,まだしとるがな、魔法の傷は油断できんが…。,千尋,high,"釜爺 is reassuring 千尋 that ハク is still breathing, responding to her concern.",0,0,0,0,0,0,0.0000
905,釜爺,これで少しは落ち着くといいんだが…。,self,high,"釜爺 is speaking to himself, expressing a hope without addressing anyone directly.",0,0,0,0,0,0,0.0000
906,釜爺,ハクはな、千と同じように突然ここにやって来てな。,千尋,high,"釜爺 begins explaining ハク's backstory to 千尋, continuing their conversation.",0,0,0,0,0,0,0.0000
907,釜爺,魔法使いになりたいと言いおってな。,千尋,high,釜爺 continues his explanation to 千尋 about ハク's wishes.,0,0,0,0,0,0,0.0000
908,釜爺,わしは反対したんだ。魔女の弟子なんぞ、ろくなことはないってな。,千尋,high,釜爺 continues narrating ハク's history to 千尋.,0,0,0,0,0,0,0.0000
909,釜爺,聞かないんだよ。,千尋,high,釜爺 continues speaking to 千尋 about ハク not listening to his warnings.,0,0,0,0,0,0,0.0000
910,釜爺,もう帰る所はないと、とうとう湯バーバの弟子になっちまった。,千尋,high,釜爺 concludes his explanation to 千尋 about how ハク became 湯婆婆's apprentice.,0,0,0,0,0,0,0.0000
911,釜爺,そのうち、どんどん顔色は悪くなるし、目つきばかりきつくなってな。,千尋,high,釜爺 is continuing his explanation to 千尋 about Haku's transformation.,0,0,0,0,0,0,0.0000
912,千尋,カマジイさん、私これ、湯バーバのお姉さんに返して来る。,釜爺,high,千尋 addresses 釜爺 by his name and asks him to help her find the way.,0,0,0,0,0,0,0.0000
913,千尋,返して、謝って、ハクを助けてくれるように頼んでみる。,釜爺,high,"千尋 is explaining her plan to 釜爺, the character she's been speaking with.",0,0,0,0,0,0,0.0000
914,千尋,お姉さんのいる所を教えて。,釜爺,high,千尋 directly asks 釜爺 to teach her where to find the sister character.,0,0,0,0,0,0,0.0000
915,釜爺,ゼニーバの所へか？,千尋,high,釜爺 responds to 千尋's question about the sister's location by naming Zeniba.,0,0,0,0,0,0,0.0000
916,釜爺,あの魔女は怖えぇぞ。,千尋,high,釜爺 continues warning 千尋 about the danger of visiting Zeniba.,0,0,0,0,0,0,0.0000
917,千尋,お願い！,釜爺,high,千尋 pleads with 釜爺 to help her despite his warning.,0,0,0,0,0,0,0.0000
918,千尋,ハクは私を助けてくれたの。私ハクを助けたい。,釜爺,high,千尋 explains her motivation to 釜爺 to convince him to help.,0,0,0,0,0,0,0.0000
919,釜爺,うーん…行くにはな…。行けるだろうが、帰りがな…。,千尋,high,釜爺 responds to 千尋's plea with his hesitation and concerns.,0,0,0,0,0,0,0.0000
920,釜爺,待ちなさい。,千尋,high,"釜爺 tells 千尋 to wait before departing, addressing her directly.",0,0,0,1,0,1,0.1667
921,釜爺,確か…ここだったか…。,self,high,"釜爺 is talking to himself, searching through items and muttering.",0,0,0,0,0,0,0.0000
922,千尋,みんな、私の靴と服、お願いね。,group:bathhouse workers,high,千尋 is addressing multiple people asking them to find her shoes and clothes.,0,0,0,0,0,0,0.0000
923,リン,千！ずいぶん捜したんだぞ！,千尋,high,リン is directly addressing 千尋 by name and saying they searched for her.,0,0,0,0,0,0,0.0000
924,千尋,リンさん。,リン,high,千尋 is responding to リン by addressing them politely with 'さん'.,0,0,0,0,0,0,0.0000
925,リン,ハクじゃん。何かあったのか？ここ。,千尋,high,"リン is asking 千尋 what happened, addressing her directly.",0,0,0,0,0,0,0.0000
926,リン,何だ？そいつら。,千尋,high,"リン is asking 千尋 about the strange characters she brought, using 'そいつら'.",0,0,0,0,0,0,0.0000
927,千尋,新しい友達なの。ねっ？,リン,high,千尋 is responding to リン's question about the new characters.,0,0,0,0,0,0,0.0000
928,リン,湯バーバがカンカンになってお前のこと捜してるぞ！,千尋,high,リン is warning 千尋 that 湯婆婆 is angry and looking for her.,0,0,0,0,0,0,0.0000
929,リン,気前がいいと思ってた客がカオナシって化け物だったんだよ。,千尋,high,リン is explaining to 千尋 that the generous customer was actually a monster.,0,0,0,0,0,0,0.0000
930,リン,湯バーバは千が引き入れたって言うんだ。,千尋,high,リン is informing 千尋 of what 湯婆婆 is saying about her.,0,0,0,0,0,0,0.0000
931,千尋,あっ…そうかもしれない。,リン,high,千尋 is responding to リン's accusation about bringing in the monster.,0,0,0,0,0,0,0.0000
932,リン,ええっ？！ホントかよ…。,千尋,high,リン is reacting with shock to 千尋's admission.,0,0,0,0,0,0,0.0000
933,千尋,だって、お客さんだと思ったから…。,リン,high,千尋 is explaining her mistake to リン in response to the question.,0,0,0,0,0,0,0.0000
934,リン,どうすんだよ？あいつもう３人ものんじゃったんだぞ！,千尋,high,リン is asking 千尋 what should be done about the situation she caused.,0,0,0,0,0,0,0.0000
935,釜爺,あった！これだ！千、あったぞ！,千尋,high,釜爺 is excited and directly addressing 千尋 about his discovery.,0,0,0,0,0,0,0.0000
936,リン,じいさん、今忙しいんだよ。,釜爺,high,リン is telling 釜爺 that he's busy at an inconvenient time.,0,0,0,0,0,0,0.0000
937,釜爺,これが使える。,group:listeners,medium,"釜爺 is speaking to whoever is listening, possibly 千尋 and/or リン.",0,0,0,0,0,0,0.0000
938,リン,電車のキップじゃん。どこで手に入れたの？こんなの。,釜爺,high,リン is reacting to and questioning 釜爺 about the train ticket.,0,0,0,0,0,0,0.0000
939,釜爺,４０年前の使い残りだ。,group:listeners,medium,釜爺 is providing information to those present about the ticket's origin.,0,0,0,0,0,0,0.0000
940,釜爺,いいか？電車で６つ目の沼の底という駅だ。,group:listeners,medium,釜爺 is giving instructions using 'いいか？' to address those listening.,0,0,0,0,0,0,0.0000
941,千尋,沼の底？,釜爺,high,千尋 is asking 釜爺 to confirm/clarify the station name he just mentioned.,0,0,0,0,0,0,0.0000
942,釜爺,そうだ。とにかく６つ目だ。,千尋,high,釜爺 is responding to 千尋's question and providing confirmation about the sixth stop.,0,0,0,0,0,0,0.0000
943,千尋,６つ目ね。,釜爺,high,千尋 is confirming that she understands the instruction about the sixth stop.,0,0,0,0,0,0,0.0000
944,釜爺,間違えるなよ。,千尋,high,"釜爺 is warning 千尋 not to make a mistake, a direct imperative to her.",0,0,0,0,0,0,0.0000
945,釜爺,昔は戻りの電車があったんだが、近頃は行きっぱなしだ。,千尋,high,釜爺 is explaining information to 千尋 about the train system and its history.,0,0,0,0,0,0,0.0000
946,釜爺,それでも行くかだ。,千尋,high,釜爺 is posing a question to 千尋 asking if she still wants to go despite the difficulty.,0,0,0,0,0,0,0.0000
947,千尋,うん。帰りは線路を歩いて来るからいい。,釜爺,high,千尋 is answering 釜爺's question and explaining her plan for returning.,0,0,0,0,0,0,0.0000
948,リン,湯バーバはどうすんだよ？,千尋,high,リン is asking 千尋 about what she will do regarding 湯婆婆.,0,0,0,0,0,0,0.0000
949,千尋,これから行く。,リン,high,千尋 is answering リン's question about her plans regarding 湯婆婆.,0,0,0,0,0,0,0.0000
950,千尋,ハク、きっと戻って来るから、死んじゃダメだよ。,ハク,high,"千尋 is speaking directly to ハク, telling him to survive and return.",0,0,0,0,0,0,0.0000
951,リン,何がどうしたの？,千尋,high,リン is asking what happened to 千尋 after her statement about 死んじゃダメ.,0,0,0,0,0,0,0.0000
952,釜爺,分からんか？愛だ。愛。,リン,high,釜爺 is answering リン's question about what happened.,0,0,0,0,0,0,0.0000
953,湯女１,ますます大きくなってるよ！,group:bathhouse workers,high,湯女１ is exclaiming to other bathhouse workers about 顔無し growing larger.,2,0,0,0,0,2,0.1538
954,湯女２,やだ。あたい食われたくない。,group:bathhouse workers,high,湯女２ is expressing fear to others around her about being eaten.,0,0,0,0,0,0,0.0000
955,湯女３,来たよ。,group:bathhouse workers,high,湯女３ is announcing to others that 顔無し has arrived.,0,0,0,0,0,0,0.0000
956,父役,千か！よかった。湯バーバ様ではもうおさえられんのだ。,湯婆婆,high,父役 is addressing 湯婆婆 about the situation being out of control.,0,0,0,0,0,0,0.0000
957,湯婆婆,オホホホホ！,unknown,medium,湯婆婆's laughter appears to be a reaction; addressee is ambiguous.,0,0,0,0,0,0,0.0000
958,湯婆婆,何もそんなに暴れなくても、千は来ますよ。,顔無し,high,湯婆婆 is trying to calm 顔無し by assuring that 千 will come.,1,0,0,0,0,1,0.0500
959,顔無し (青蛙),千はどこだ？千を出せ！,group:bathhouse workers,high,顔無し (青蛙) is demanding others produce 千.,0,0,0,0,0,0,0.0000
960,父役,さあ、急げ。,千尋,high,父役 is urging 千尋 to hurry based on the context.,0,0,0,0,0,0,0.0000
961,父役,湯バーバ様、千です。,湯婆婆,high,Father is reporting to Yubaba that Chihiro has arrived,0,1,0,0,0,1,0.1000
962,湯婆婆,遅い！,self,high,"Yubaba's exclamation about the lateness, self-directed complaint",0,0,0,0,0,0,0.0000
963,湯婆婆,お客様、千が来ましたよ。ほんのちょっとお待ちくださいね。,顔無し (青蛙),high,Yubaba is addressing No-Face (the client) to inform him Chihiro has arrived,1,0,0,1,0,2,0.0714
964,湯婆婆,何をグズグズしてたんだい？！このままじゃ大損だ！,千尋,high,Yubaba is scolding Chihiro for being slow,0,0,0,0,0,0,0.0000
965,湯婆婆,あいつをおだててしぼれるだけ金をしぼり出さ…。,self,high,"Yubaba is thinking aloud about her scheme, not addressing anyone",0,0,0,0,0,0,0.0000
966,湯婆婆,ん？,self,medium,Yubaba's brief utterance of realization or surprise to herself,0,0,0,0,0,0,0.0000
967,坊,チュウ。,湯婆婆,high,The baby (Boh) is making a sound to get Yubaba's attention,0,0,0,0,0,0,0.0000
968,湯婆婆,何だい？その汚いネズミは。,坊,high,"Yubaba is questioning what the baby brought, addressing her baby",0,0,0,0,0,0,0.0000
969,千尋,えっ？あのう…ご存じないですか？,湯婆婆,high,Chihiro is asking Yubaba if she doesn't know what the baby is,0,1,0,0,0,1,0.0625
970,湯婆婆,知るわけないだろ？おー、イヤだ。,千尋,high,Yubaba is responding to Chihiro's question with irritation,0,0,0,0,0,0,0.0000
971,湯婆婆,さあ、行きな。,千尋,high,"湯婆婆 is dismissing 千尋 after their interaction, telling her to go.",0,0,0,0,0,0,0.0000
972,湯婆婆,ごゆっくり。,group:customers,high,Generic farewell phrase spoken to departing guests in a bathhouse context.,0,0,0,0,0,0,0.0000
973,父役,千、１人で大丈夫でしょうか？,湯婆婆,high,父役 is asking 湯婆婆 a direct question about 千尋's capability.,0,1,0,0,0,1,0.0714
974,湯婆婆,お前が代わるかい？,父役,high,湯婆婆 responds directly to 父役's question with a counter-question.,0,0,0,0,0,0,0.0000
975,父役,イっ！,self,high,"父役 makes a surprised intake of breath, a vocal reaction to himself.",0,0,0,0,0,0,0.0000
976,湯婆婆,フン。,父役,medium,湯婆婆's dismissive grunt appears directed at 父役 after his hesitant response.,0,0,0,0,0,0,0.0000
977,顔無し(兄役),これ食うか？うまいぞー。,千尋,high,"顔無し(兄役) is offering food to someone, contextually directed at 千尋.",0,0,0,0,0,0,0.0000
978,顔無し(兄役),金を出そうか？千の他には出してやらないことにしたんだ。,千尋,high,"顔無し(兄役) explicitly mentions 千 in the dialogue, explaining he only gives money to her.",0,0,0,0,0,0,0.0000
979,顔無し(兄役),こっちへおいで。,千尋,high,"顔無し(兄役) is beckoning someone to come closer, contextually 千尋.",0,0,0,0,0,0,0.0000
980,顔無し(兄役),千は何が欲しいんだ？言ってごらん。,千尋,high,"顔無し(兄役) directly asks 千 what she wants, explicitly named in the line.",0,0,0,0,0,0,0.0000
981,千尋,あなたはどこから来たの？,顔無し(兄役),high,千尋 is directly questioning the character who just spoke to her in previous lines.,0,0,0,0,0,0,0.0000
982,千尋,私すぐ行かなきゃならないとこがあるの。,顔無し(兄役),high,"千尋 continues the conversation with 顔無し(兄役), explaining her situation.",0,0,0,0,0,0,0.0000
983,顔無し(兄役),ううっ。,self,high,"This is a reaction sound expressing distress or emotional response, not directed at anyone.",0,0,0,0,0,0,0.0000
984,千尋,あなたは来た所へ帰ったほうがいいよ。,顔無し(兄役),high,千尋 gives advice to the character she's been addressing.,0,0,0,0,0,0,0.0000
985,千尋,私が欲しいものはあなたには絶対出せない。,顔無し(兄役),high,千尋 directly states what 顔無し(兄役) cannot provide her.,0,0,0,0,0,0,0.0000
986,千尋,お家はどこなの？お父さんやお母さんいるんでしょう？,顔無し(兄役),high,千尋 asks 顔無し(兄役) about his home and family.,0,1,0,0,0,1,0.0400
987,顔無し(青蛙),イヤだ…イヤだ…。,self,high,"顔無し(青蛙) expresses refusal/distress, appears to be self-directed emotional utterance.",0,0,0,0,0,0,0.0000
988,顔無し(青蛙),寂しい…寂しい…。,self,high,"顔無し(青蛙) expresses loneliness, appears to be internal emotional expression.",0,0,0,0,0,0,0.0000
989,千尋,お家が分からないの？,顔無し(青蛙),high,千尋 asks 顔無し(青蛙) a direct question about not knowing his home.,0,0,0,0,0,0,0.0000
990,顔無し(青蛙),千、欲しい…千、欲しいー。,千尋,high,"顔無し(青蛙) expresses desire for 千, directly addressing her by name.",0,0,0,0,0,0,0.0000
991,顔無し(兄役),欲しがれ。,顔無し(青蛙),high,顔無し(兄役) is commanding the other faceless spirit to take action.,0,0,0,0,0,0,0.0000
992,千尋,私を食べる気？,顔無し(兄役),high,千尋 is asking a direct question to the faceless spirit threatening her.,0,0,0,0,0,0,0.0000
993,顔無し(青蛙),取れ。,顔無し(兄役),high,顔無し(青蛙) is commanding the other faceless spirit to take the food/千尋.,0,0,0,0,0,0,0.0000
994,顔無し(兄役),取れ！,顔無し(青蛙),high,顔無し(兄役) is reinforcing the command to take action.,0,0,0,0,0,0,0.0000
995,坊,チュウ！,自分,high,"坊 makes a sound/exclamation, likely reacting rather than addressing someone.",0,0,0,0,0,0,0.0000
996,千尋,私を食べるなら、その前にこれを食べて。,顔無し(兄役),high,千尋 is directly addressing the faceless spirit with a conditional offer.,0,0,0,0,0,0,0.0000
997,千尋,ホントはお父さんとお母さんにあげたかったんだけど、あげるね。,顔無し(兄役),medium,"千尋 is explaining her action, likely still directed toward the faceless spirits present.",0,0,0,0,0,0,0.0000
998,千尋,あっ！,self,high,"千尋's exclamation indicates a sudden realization or emotion, not directed at anyone.",0,0,0,0,0,0,0.0000
999,顔無し(兄役),千…。,千尋,high,"顔無し(兄役) is calling out 千尋's name, directly addressing her.",0,0,0,0,0,0,0.0000
1000,千尋,あっ…。,self,high,"千尋's brief exclamation indicates internal reaction or surprise, not directed at anyone.",0,0,0,0,0,0,0.0000
1001,顔無し(兄役),小娘が何を食わした？！,千尋,high,"顔無し(兄役) is directly questioning what 千尋 fed him, addressing her accusingly.",0,0,0,0,0,0,0.0000
1002,湯婆婆,みんな、おどき！,group:bathhouse workers,high,"湯婆婆 is issuing a command to get out of the way, directed at everyone present.",0,0,0,0,0,0,0.0000
1003,湯婆婆,お客様とて許せぬ！,self,high,湯婆婆 is expressing her own indignation in a monologue about not forgiving even a customer.,0,0,0,0,0,0,0.0000
1004,千尋,こっちだよ！,顔無し(兄役),high,"千尋 is calling out a direction to the No-Face figure, urging it to follow her.",0,0,0,0,0,0,0.0000
1005,千尋,こっち！,顔無し(兄役),high,千尋 continues calling out the same direction to guide the No-Face away.,0,0,0,0,0,0,0.0000
1006,顔無し(青蛙),許せん…。,千尋,high,顔無し(青蛙) expresses not forgiving 千尋 for what she did to him.,0,0,0,0,0,0,0.0000
1007,リン,セーン！こっちだー！,顔無し(青蛙),high,リン is calling out to get the No-Face's attention and direct it this way.,0,0,0,0,0,0,0.0000
1008,千尋,来た。こっちだよー！,顔無し(青蛙),high,"千尋 continues calling out to guide the No-Face, confirming it's coming her direction.",0,0,0,0,0,0,0.0000
1009,リン,呼んでどうすんだよ？！,千尋,high,"リン is questioning 千尋's logic in calling the No-Face over, expressing frustration.",0,0,0,0,0,0,0.0000
1010,千尋,あの人湯屋にいるからいけないの。あそこを出たほうがいいんだよ。,リン,high,"千尋 is explaining to リン why they need to leave the bathhouse, answering her question.",0,0,0,0,0,0,0.0000
1011,リン,だってどこ連れてくんだよ？,千尋,high,"リン is questioning 千尋 about where they're going, continuing their conversation.",0,0,0,0,0,0,0.0000
1012,千尋,分かんないけど。,リン,high,千尋 responds directly to リン's question about the destination.,0,0,0,0,0,0,0.0000
1013,リン,「分かんない」って…。,千尋,high,"リン reacts with exasperation to 千尋's response, addressing her directly.",0,0,0,0,0,0,0.0000
1014,リン,あーあ、ついて来るぞ、あいつ。,千尋,high,リン expresses concern to 千尋 that 顔無し is following them.,0,0,0,0,0,0,0.0000
1015,リン,ここから歩け。,千尋,high,リン gives a direct instruction to 千尋 to walk from this point.,0,0,0,0,0,0,0.0000
1016,千尋,うん。,リン,high,千尋 confirms リン's instruction with a simple acknowledgment.,0,0,0,0,0,0,0.0000
1017,リン,駅は行けば分かるって。,千尋,high,リン provides directions to 千尋 about how to find the station.,0,0,0,0,0,0,0.0000
1018,千尋,ありがとう。,リン,high,千尋 thanks リン for the help and guidance.,0,0,0,0,0,0,0.0000
1019,リン,必ず戻って来いよ。,千尋,high,"リン makes a final plea to 千尋 to return, addressing her directly.",0,0,0,0,0,0,0.0000
1020,千尋,うん！,リン,high,千尋 affirms her promise to return in response to リン's plea.,0,0,0,0,0,0,0.0000
1021,リン,セーン！お前のことドンくさいって言ったけど、取り消すぞー！,千尋,high,リン is calling out to Chihiro (Sen) to retract her earlier criticism.,0,0,0,0,0,0,0.0000
1022,リン,カオナシ！センに何かしたら、許さないからな！,顔無し,high,リン is warning the No-Face character not to harm Sen.,0,0,0,0,0,0,0.0000
1023,千尋,あれだ！,self,high,千尋 is exclaiming to herself upon seeing the train arrive.,0,0,0,0,0,0,0.0000
1024,千尋,電車が来た。来るよ。,group:train passengers,medium,千尋 is announcing that the train is arriving to those around her.,0,0,0,0,0,0,0.0000
1025,千尋,あのう、沼の底までお願いします。,unknown,medium,"千尋 appears to be making a polite request, likely to a train operator or conductor, but the addressee is not clearly identified in context.",1,0,0,0,0,1,0.0625
1026,千尋,えっ？あなたも乗りたいの？,顔無し,high,千尋 is asking the No-Face character if it wants to board the train.,0,0,0,0,0,0,0.0000
1027,顔無し,ア…ア…。,千尋,high,The No-Face is responding to Chihiro's question with vocalizations.,0,0,0,0,0,0,0.0000
1028,千尋,あの、この人もお願いします。,unknown,medium,"千尋 is making a polite request to include the No-Face, likely to a train operator or conductor.",1,0,0,0,0,1,0.0714
1029,顔無し,ア…ア…。,千尋,high,The No-Face is responding to Chihiro with vocalizations.,0,0,0,0,0,0,0.0000
1030,千尋,おいで。,顔無し,high,千尋 is calling the No-Face to come with her onto the train.,0,0,0,0,0,0,0.0000
1031,千尋,おとなしくしててね。,顔無し,high,"千尋 is speaking to the No-Face character who just boarded with her, instructing them to behave.",0,0,0,0,0,0,0.0000
1032,ハク,おじいさん。,釜爺,high,"ハク addresses 釜爺 by the respectful term おじいさん (grandfather/old man), calling out to him.",0,0,0,0,0,0,0.0000
1033,釜爺,ん…う～ん…。,self,high,"釜爺 is making sounds of waking up or groaning to himself, not addressing anyone specific.",0,0,0,0,0,0,0.0000
1034,釜爺,おっ、ハク。気がついたか。,ハク,high,"釜爺 is greeting ハク by name and asking if he's awake, directly addressing him.",0,0,0,0,0,0,0.0000
1035,ハク,おじいさん、千はどこです？,釜爺,high,"ハク addresses 釜爺 respectfully as おじいさん and asks where 千 is, seeking information from the old man.",0,1,0,0,0,1,0.0769
1036,ハク,何があったのでしょう？教えてください。,釜爺,high,"ハク continues addressing 釜爺 with polite language (～ください), asking him to explain what happened.",0,1,0,1,0,2,0.1053
1037,釜爺,お前、何も覚えてないのか？,ハク,high,"釜爺 addresses ハク directly as お前 (you, informal) and asks if he remembers nothing.",0,0,0,0,0,0,0.0000
1038,ハク,切れ切れにしか思い出せません。,釜爺,high,"ハク is responding to 釜爺's question about his memory, continuing their conversation.",1,0,0,0,0,1,0.0667
1039,ハク,闇の中で千尋が何度も私を呼びました。,釜爺,high,ハク continues narrating to 釜爺 what he remembers about 千尋 calling to him in darkness.,1,0,0,0,0,1,0.0556
1040,ハク,その声を頼りにもがいて、気がついたらここに寝ていました。,釜爺,high,ハク completes his narrative explanation to 釜爺 about how he regained consciousness in the room.,1,0,0,0,0,1,0.0357
1041,釜爺,そうか…千尋か…。,self,high,"釜爺 is reflecting on the information just learned about Chihiro's name, speaking to himself.",0,0,0,0,0,0,0.0000
1042,釜爺,あの子は千尋というのか？,self,high,"釜爺 is asking a rhetorical question to himself, processing the revelation of Chihiro's name.",0,0,0,0,0,0,0.0000
1043,釜爺,いいなぁ…愛の力だなぁ。,self,high,釜爺 is making a contemplative observation to himself about the power of love.,0,0,0,0,0,0,0.0000
1044,湯婆婆,これっぱかしの金でどう埋めあわせするのさ。,unknown,medium,"湯婆婆 is expressing frustration; could be speaking to herself or addressing others present, but no clear addressee.",0,0,0,0,0,0,0.0000
1045,湯婆婆,千のバカが！せっかくの儲けをフイにしちまって。,千尋,high,"湯婆婆 is directly criticizing Chihiro (千) for ruining her profits, though Chihiro is not present.",0,0,0,0,0,0,0.0000
1046,青蛙,で…でも、千のおかげで、オレ達助かったんです。,湯婆婆,high,青蛙 is directly addressing 湯婆婆 with a respectful counter-argument about Chihiro helping them.,0,1,0,0,0,1,0.0435
1047,湯婆婆,お黙り！,青蛙,high,"湯婆婆 is telling the frog to be silent, directly addressing him.",0,0,0,0,0,0,0.0000
1048,湯婆婆,みんな自分でまいた種じゃないか。,group:bathhouse workers,medium,"湯婆婆 is making a general statement to the workers present, addressing their collective responsibility.",0,0,0,0,0,0,0.0000
1049,湯婆婆,それなのに、勝手に逃げ出したんだよ。,group:bathhouse workers,medium,湯婆婆 continues her general rebuke to the workers about them running away.,0,0,0,0,0,0,0.0000
1050,湯婆婆,あの子は自分の親を見捨てたんだ！,group:bathhouse workers,medium,湯婆婆 is continuing her accusation directed at the group of workers about Chihiro abandoning her parents.,0,0,0,0,0,0,0.0000
1051,湯婆婆,親豚は食べ頃だろ？ベーコンにでもハムにでもしちまいな。,group:bathhouse workers,high,湯婆婆 is giving orders to her staff about what to do with the parents.,0,0,0,0,0,0,0.0000
1052,ハク,お待ちください。,湯婆婆,high,ハク is addressing 湯婆婆 directly to stop her from harming the parents.,0,0,0,1,0,1,0.1250
1053,青蛙,ハク様！,ハク,high,青蛙 is calling out to ハク in recognition and respect.,0,0,0,0,0,0,0.0000
1054,湯婆婆,何だい？お前。生きてたのかい。,ハク,high,"湯婆婆 is speaking directly to ハク, questioning his presence.",0,0,0,0,0,0,0.0000
1055,ハク,まだ分かりませんか？大切なものがすり替わったのに。,湯婆婆,high,ハク is continuing his direct address to 湯婆婆 with a cryptic statement about substitution.,1,0,0,0,0,1,0.0400
1056,湯婆婆,ずいぶん生意気な口をきくね。,ハク,high,"湯婆婆 is commenting on ハク's insolent tone, addressing him directly.",0,0,0,0,0,0,0.0000
1057,湯婆婆,いつからそんなに偉くなったんだい？,ハク,high,湯婆婆 continues questioning ハク about when he became so important.,0,0,0,0,0,0,0.0000
1058,湯婆婆,坊…。,坊,high,"湯婆婆 is calling out to her son 坊, likely noticing something is wrong.",0,0,0,0,0,0,0.0000
1059,湯婆婆,ああ！ンギャー！,self,high,湯婆婆 is expressing shock and distress upon realizing what has happened to 坊.,0,0,0,0,0,0,0.0000
1060,湯婆婆,坊ー！,坊,high,湯婆婆 is crying out for her son 坊.,0,0,0,0,0,0,0.0000
1061,青蛙,土くれだ！,group:bathhouse workers,medium,"青蛙 is exclaiming about discovering dirt/clay, likely informing others nearby.",0,0,0,0,0,0,0.0000
1062,湯婆婆,坊ー！,坊,high,湯婆婆 is directly calling out to her son 坊 by name.,0,0,0,0,0,0,0.0000
1063,湯婆婆,どこにいるの？坊ー！,坊,high,"湯婆婆 continues calling to 坊, asking where he is.",0,0,0,0,0,0,0.0000
1064,湯婆婆,出て来ておくれ！,坊,high,湯婆婆 is commanding someone to come out; context shows she's looking for 坊.,0,0,0,0,0,0,0.0000
1065,湯婆婆,坊！,坊,high,湯婆婆 directly calls 坊's name as an imperative.,0,0,0,0,0,0,0.0000
1066,湯婆婆,坊…坊…。,坊,high,"湯婆婆 repeats 坊's name, still searching for her son.",0,0,0,0,0,0,0.0000
1067,湯婆婆,おのれー！言えーー！,unknown,medium,"湯婆婆 is demanding someone speak/confess, unclear if directed at 青蛙 or others present.",0,0,0,0,0,0,0.0000
1068,湯婆婆,私の坊をどこへやったー？！,unknown,medium,"湯婆婆 is angrily demanding to know what happened to 坊, likely addressed to whoever is present.",0,0,0,0,0,0,0.0000
1069,ハク,ゼニーバの所です。,湯婆婆,high,ハク is directly answering 湯婆婆's question about 坊's location.,0,1,0,0,0,1,0.1111
1070,湯婆婆,ゼニーバ？,ハク,high,"湯婆婆 responds with surprise to ハク's revelation, repeating the name Zeni-ba.",0,0,0,0,0,0,0.0000
1071,湯婆婆,あぁ…。,self,high,湯婆婆's exclamation expressing realization; not directed at another character.,0,0,0,0,0,0,0.0000
1072,湯婆婆,なるほどね。性悪女め。,self,high,Internal commentary about ゼニーバ;湯婆婆is speaking to herself in anger.,0,0,0,0,0,0,0.0000
1073,湯婆婆,それで私に勝ったつもりかい？ヒヒヒ…。,ハク,high,湯婆婆is responding to ハク's statement about ゼニーバ; rhetorical accusation directed at him.,0,0,0,0,0,0,0.0000
1074,湯婆婆,で？どうするんだい？,ハク,high,湯婆婆demands to know ハク's plan; direct question following his statement.,0,0,0,0,0,0,0.0000
1075,ハク,坊を連れ戻して来ます。,湯婆婆,high,ハク responds to 湯婆婆's question about what he will do.,1,0,0,0,0,1,0.0909
1076,ハク,その代わり、千と両親を人間の世界へ戻してやってください。,湯婆婆,high,ハク states his condition/demand directly to 湯婆婆 using the formal 'してやってください'.,0,0,0,1,0,1,0.0357
1077,湯婆婆,それでお前はどうなるんだい？,ハク,high,湯婆婆asks ハク a direct question about his own fate.,0,0,0,0,0,0,0.0000
1078,湯婆婆,その後私に八つ裂きにされてもいいんかい？！,ハク,high,"湯婆婆continues her question to ハク, threatening him with consequences.",0,0,0,0,0,0,0.0000
1079,千尋,この駅でいいんだよね。,unknown,medium,千尋's statement could be self-directed confirmation or addressed to ハク who is with her; context unclear.,0,0,0,0,0,0,0.0000
1080,千尋,行こう。,ハク,high,千尋urges ハク to proceed; directed at her companion in the scene.,0,0,0,0,0,0,0.0000
1081,千尋,肩に乗っていいよ。,ハク,high,千尋 is inviting someone to sit on her shoulder; context shows ハク is with her.,0,0,0,0,0,0,0.0000
1082,銭婆,お入り。,千尋,high,銭婆 is greeting the visitor and inviting them to enter.,0,0,0,0,0,0,0.0000
1083,千尋,失礼します。,銭婆,high,千尋 is politely announcing her entrance to the homeowner.,1,0,0,0,0,1,0.1667
1084,銭婆,入るなら、さっさとお入り。,千尋,high,"銭婆 is urging 千尋 to enter quickly, responding to her polite statement.",0,0,0,0,0,0,0.0000
1085,千尋,おいで。,ハク,high,千尋 is calling to ハク to come along with her into the room.,0,0,0,0,0,0,0.0000
1086,銭婆,みんなよく来たね。,group:visitors,high,銭婆 is greeting multiple arrivals warmly.,0,0,0,0,0,0,0.0000
1087,千尋,あ…あの…。,銭婆,medium,"千尋 is attempting to speak to 銭婆, hesitating before making her statement.",0,0,0,0,0,0,0.0000
1088,銭婆,まぁ、お座り。今お茶をいれるからね。,group:visitors,high,銭婆 is inviting the group to sit down and offering tea.,0,0,0,0,0,0,0.0000
1089,千尋,ゼニーバさん。これ、ハクが盗んだものです。お返しに来ました。,銭婆,high,千尋 is directly addressing 銭婆 to return the stolen item and explain her purpose.,1,1,0,0,0,2,0.0667
1090,銭婆,お前、これが何だか知ってるかい？,千尋,high,銭婆 is questioning 千尋 about what the returned item is.,0,0,0,0,0,0,0.0000
1091,千尋,いえ。でも、とっても大事なものだって…。,銭婆,high,千尋 is responding directly to 銭婆's question about what the object is.,0,0,0,0,0,0,0.0000
1092,千尋,ハクの代わりに謝りに来ました。ごめんなさい。,銭婆,high,千尋 is apologizing to 銭婆 on behalf of ハク for the theft.,1,0,0,1,0,2,0.0909
1093,銭婆,お前、これを持ってて何ともなかったかい？,千尋,high,銭婆 is asking 千尋 a direct question about holding the object.,0,0,0,0,0,0,0.0000
1094,千尋,えっ？,銭婆,high,千尋 is responding with surprise to 銭婆's question.,0,0,0,0,0,0,0.0000
1095,銭婆,あれ？守りのまじないが消えてるね。,千尋,high,"銭婆 is speaking to 千尋, explaining about the missing protective charm.",0,0,0,0,0,0,0.0000
1096,千尋,すいません！あのハンコについてた変な虫、私が踏みつぶしちゃいました！,銭婆,high,千尋 is confessing to 銭婆 about crushing the bug on the stamp.,2,0,0,0,0,2,0.0588
1097,銭婆,踏みつぶした？アハハハハ！,千尋,high,銭婆 is reacting with laughter to 千尋's confession about crushing the bug.,0,0,0,0,0,0,0.0000
1098,銭婆,あんた、その虫はね、妹が弟子を操るために竜の腹に忍び込ませた虫だよ。,千尋,high,銭婆 is explaining to 千尋 what the bug actually was.,1,0,0,0,0,1,0.0294
1099,銭婆,踏みつぶした！アハハハハ…。,千尋,high,"銭婆 continues laughing about 千尋 crushing the bug, continuing her reaction to 千尋.",0,0,0,0,0,0,0.0000
1100,銭婆,さぁ、お座り。,千尋,high,銭婆 is inviting 千尋 to sit down.,0,0,0,0,0,0,0.0000
1101,銭婆,お前はカオナシだね？お前もお座りな。,顔無し,high,"銭婆 directly addresses 顔無し with ""お前は"" and ""お座りな""",0,0,0,0,0,0,0.0000
1102,千尋,あっ、あの…この人達を元に戻してあげてください。,銭婆,high,千尋 is making a request to 銭婆 to help the possessed people,0,0,0,1,0,1,0.0417
1103,銭婆,おや？あんた達、魔法はとっくに切れてるだろ？,千尋,high,"銭婆 responds to 千尋's request with ""あんた達"" (plural form addressing 千尋 and the possessed people)",0,0,0,0,0,0,0.0000
1104,銭婆,戻りたかったら戻りな。,group:possessed people,high,銭婆 gives instructions to those who want to return to their original form,0,0,0,0,0,0,0.0000
1105,銭婆,私達２人で一人前なのに、気が合わなくてね。,千尋,high,銭婆 is explaining her situation with her twin sister to 千尋 as context,0,0,0,0,0,0,0.0000
1106,銭婆,ほら、あの人ハイカラじゃないじゃない？,千尋,medium,"銭婆 continues explaining about her sister (""あの人"") in response to 千尋's question",0,0,0,0,0,0,0.0000
1107,銭婆,魔女の双子なんて厄介の元ね。,千尋,medium,銭婆 makes a general statement about twin witches but still directed at 千尋 in conversation,0,0,0,0,0,0,0.0000
1108,銭婆,お前を助けてあげたいけど、私にはどうすることもできないよ。,千尋,high,"銭婆 directly addresses 千尋 with ""お前を"" saying she cannot help her with Yubaba",0,0,0,0,0,0,0.0000
1109,銭婆,この世界の決まりだからね。,千尋,high,銭婆 explains the rules of the world to 千尋 as reasoning for her inability to help,0,0,0,0,0,0,0.0000
1110,銭婆,両親のことも、ボーイフレンドの竜のことも、自分でやるしかない。,千尋,high,銭婆 directly tells 千尋 she must handle her parents and Haku herself,0,0,0,0,0,0,0.0000
1111,千尋,でも、あの、ヒントか何かもらえませんか？,銭婆,high,千尋 is asking 銭婆 for hints after listening to her previous advice.,1,0,0,0,0,1,0.0500
1112,千尋,ハクと私、ずっと前に会ったことがあるみたいなんです。,銭婆,high,"千尋 is continuing to speak to 銭婆, explaining about her connection with ハク.",0,1,0,0,0,1,0.0385
1113,銭婆,じゃ、話が早いよ。,千尋,high,"銭婆 is responding to 千尋's statement, saying the situation is now clearer.",0,0,0,0,0,0,0.0000
1114,銭婆,一度あったことは忘れないものさ。思い出せないだけで。,千尋,high,銭婆 is giving advice to 千尋 about how memories work.,0,0,0,0,0,0,0.0000
1115,銭婆,まぁ、今夜は遅いからゆっくりして行きな。,千尋,high,"銭婆 is inviting 千尋 to rest for the night, using polite imperative.",0,0,0,0,0,0,0.0000
1116,銭婆,お前達、手伝ってくれるかい？,group:workers,high,銭婆 is addressing her workers (likely 千尋 and others) asking for help.,0,0,0,0,0,0,0.0000
1117,銭婆,ハハハハ…ほれ、頑張って。,group:workers,high,銭婆 is cheering on her workers to do their best.,0,0,0,0,0,0,0.0000
1118,銭婆,そうそう。うまいじゃないか。ホントに助かるよ。,千尋,high,銭婆 is praising 千尋's work and expressing gratitude.,0,0,0,0,0,0,0.0000
1119,銭婆,魔法で作ったんじゃ、何にもならないからね。,千尋,medium,"銭婆 is explaining why real effort matters more than magic, likely to 千尋 or the workers.",0,0,0,0,0,0,0.0000
1120,銭婆,そこをくぐらせて、そう２回続けるの。,千尋,medium,"銭婆 is giving instructions on how to perform a task, likely to 千尋 or workers being trained.",0,0,0,0,0,0,0.0000
1121,千尋,おばあちゃん、やっぱり帰る。,銭婆,high,千尋 is directly addressing 銭婆 as 'おばあちゃん' and stating her intention to leave.,0,0,0,0,0,0,0.0000
1122,千尋,だって、こうしてる間に、ハクが死んじゃうかもしれない。,銭婆,high,Continuation of 千尋's explanation to 銭婆 about why she must leave.,0,0,0,0,0,0,0.0000
1123,千尋,お父さんやお母さんが食べられちゃうかもしれない。,銭婆,high,千尋 continues reasoning with 銭婆 about the dangers her parents and ハク face.,0,0,0,0,0,0,0.0000
1124,銭婆,まぁ、もうちょっとお待ち。,千尋,high,"銭婆 responds directly to 千尋's request to leave, asking her to wait.",0,0,0,0,0,0,0.0000
1125,銭婆,さぁ、出来たよ。髪留めにお使い。,千尋,high,銭婆 presents the completed hair ornament to 千尋.,0,0,0,0,0,0,0.0000
1126,千尋,わぁ…きれい…。,self,high,千尋 is expressing her emotional reaction to the beauty of the hair ornament to herself.,0,0,0,0,0,0,0.0000
1127,銭婆,お守り。みんなでつむいだ糸を編み込んであるからね。,千尋,high,銭婆 explains the significance of the hair ornament (お守り) to 千尋.,0,0,0,0,0,0,0.0000
1128,千尋,ありがとう。,銭婆,high,千尋 thanks 銭婆 for the gift.,0,0,0,0,0,0,0.0000
1129,銭婆,いい時に来たね。お客さんだよ。出ておくれ。,千尋,high,銭婆 tells 千尋 that a customer has arrived and instructs her to leave.,0,0,0,0,0,0,0.0000
1130,千尋,はい。,銭婆,high,千尋 responds affirmatively to 銭婆's instruction.,0,0,0,0,0,0,0.0000
1131,千尋,ああっ！,self,high,Exclamation of surprise/shock with no addressee indicated.,0,0,0,0,0,0,0.0000
1132,千尋,ハク！,ハク,high,Chihiro is calling out to Haku by name.,0,0,0,0,0,0,0.0000
1133,千尋,ハク！,ハク,high,"Second call to Haku by name, continuing to get his attention.",0,0,0,0,0,0,0.0000
1134,千尋,ああ、よかった。,self,high,"Expression of relief/joy with no addressee, appears to be internal reaction.",0,0,0,0,0,0,0.0000
1135,千尋,ケガは？もう大丈夫なの？,ハク,high,Question about injuries directed to Haku whom she just called out to.,0,0,0,0,0,0,0.0000
1136,千尋,よかった。,self,high,Another expression of relief without directed addressee.,0,0,0,0,0,0,0.0000
1137,銭婆,フフフ…グッドタイミングね。,group:those present,medium,"銭婆 speaks about good timing, likely to herself or those around her rather than a specific person.",0,0,0,0,0,0,0.0000
1138,千尋,おばあちゃん、ハク生きてた！,銭婆,high,Chihiro addresses the old woman (おばあちゃん) about Haku being alive.,0,0,0,0,0,0,0.0000
1139,銭婆,ハク竜、あなたのしたことはもうとがめません。,ハク,high,"銭婆 speaks directly to 'ハク竜', addressing him by name.",1,0,0,0,0,1,0.0455
1140,銭婆,その代わり、その子をしっかり守るんだよ。,ハク,high,"銭婆 continues speaking to Haku, giving him an instruction about protecting 'その子' (Chihiro).",0,0,0,0,0,0,0.0000
1141,銭婆,さぁ、坊や達、お帰りの時間だよ。また遊びにおいで。,group:No-Face and the babies,high,銭婆 is saying it's time for the babies (坊や達) to go home and inviting them to visit again.,0,0,0,0,0,0,0.0000
1142,銭婆,お前はここにいな。私の手助けをしておくれ。,顔無し,high,"銭婆 is directly addressing someone to stay and help her; given context, this is No-Face (顔無し).",0,0,0,0,0,0,0.0000
1143,顔無し,ア…ア…。,unknown,medium,"No-Face makes a vocalization; could be self-talk or response to 銭婆, but no clear addressee.",0,0,0,0,0,0,0.0000
1144,千尋,おばあちゃん！,銭婆,high,千尋 is calling out to her grandmother (おばあちゃん) which is 銭婆.,0,0,0,0,0,0,0.0000
1145,千尋,ありがとう。私、行くね。,銭婆,high,千尋 is thanking her grandmother and saying goodbye to her.,0,0,0,0,0,0,0.0000
1146,銭婆,大丈夫。あんたならやり遂げるよ。,千尋,high,銭婆 is reassuring 千尋 that she can do it (あんたなら).,0,0,0,0,0,0,0.0000
1147,千尋,私の本当の名前は千尋っていうんです。,銭婆,high,千尋 is telling her grandmother her real name.,0,1,0,0,0,1,0.0556
1148,銭婆,千尋…いい名だね。,千尋,high,"銭婆 is commenting on 千尋's name, responding directly to her statement.",0,0,0,0,0,0,0.0000
1149,銭婆,自分の名前を大事にね。,千尋,high,銭婆 is giving advice to 千尋 about taking care of her own name.,0,0,0,0,0,0,0.0000
1150,千尋,はい！,銭婆,high,千尋 is affirming her grandmother's instruction with はい (yes).,0,0,0,0,0,0,0.0000
1151,銭婆,さっ、お行き。,千尋,high,銭婆 is instructing 千尋 to go/leave after their conversation.,0,0,0,0,0,0,0.0000
1152,千尋,うん。,銭婆,high,千尋 is responding affirmatively to 銭婆's instruction to depart.,0,0,0,0,0,0,0.0000
1153,千尋,おばあちゃん！ありがとう！さようなら！,銭婆,high,千尋 is thanking and saying goodbye to 銭婆 before leaving.,0,0,0,0,0,0,0.0000
1154,千尋,ハク、聞いて。,ハク,high,"千尋 directly addresses ハク by name, asking him to listen.",0,0,0,0,0,0,0.0000
1155,千尋,お母さんから聞いたんで、自分では覚えてなかったんだけど、私小さい時、川に落ちたことがあるの。,ハク,high,千尋 continues speaking to ハク about a memory she recovered.,0,0,0,0,0,0,0.0000
1156,千尋,その川はもうマンションになって、埋められちゃったんだって。,ハク,high,千尋 continues recounting details of the river to ハク.,0,0,0,0,0,0,0.0000
1157,千尋,でも、今思い出したの。,ハク,high,千尋 continues her narrative to ハク about remembering the river.,0,0,0,0,0,0,0.0000
1158,千尋,その川の名は…その川はね、コハク川。,ハク,high,千尋 reveals the name of the river to ハク.,0,0,0,0,0,0,0.0000
1159,千尋,あなたの本当の名は…コハク川。,ハク,high,"千尋 directly addresses ハク with his true name, which she has just discovered.",0,0,0,0,0,0,0.0000
1160,千尋,あっ！,self,high,"千尋's exclamation is a spontaneous reaction to her realization, not directed at anyone.",0,0,0,0,0,0,0.0000
1161,ハク,千尋、ありがとう。私の本当の名は、ニギハヤミ・コハクヌシだ。,千尋,high,Hakú is directly addressing Chihiro and thanking her for helping him remember his true name.,0,0,0,0,0,0,0.0000
1162,千尋,ニギハヤミ？,ハク,high,Chihiro is asking Hakú to clarify or repeat the unfamiliar part of his name.,0,0,0,0,0,0,0.0000
1163,ハク,ニギハヤミ・コハクヌシ。,千尋,high,Hakú is repeating and confirming his full true name to Chihiro.,0,0,0,0,0,0,0.0000
1164,千尋,すごい名前！神様みたい。,ハク,high,Chihiro is responding to Hakú by commenting on how grand his name sounds.,0,0,0,0,0,0,0.0000
1165,ハク,私も思い出した、千尋が私の中に落ちた時のことを。,千尋,high,Hakú is addressing Chihiro while recounting his memory of when she fell into the river.,0,0,0,0,0,0,0.0000
1166,ハク,靴を拾おうとしたんだよ。,千尋,high,"Hakú continues his story to Chihiro, explaining what he was trying to do when she fell.",0,0,0,0,0,0,0.0000
1167,千尋,そう…コハクが私を浅瀬に運んでくれたのね。,self,high,"Chihiro is reflecting aloud to herself about what happened, realizing Kohaku carried her to safety.",0,0,0,0,0,0,0.0000
1168,千尋,うれしい…。,self,high,Chihiro expresses her happiness in a brief emotional utterance directed to herself.,0,0,0,0,0,0,0.0000
1169,リン,帰って来た！,group:bathhouse workers,medium,"Lin announces that someone has returned, likely speaking to nearby workers or in general announcement.",0,0,0,0,0,0,0.0000
1170,湯婆婆,坊は連れて戻って来たんだろうね？,ハク,high,Yubaba is questioning Hakú about whether he brought back her son Boh as promised.,0,0,0,0,0,0,0.0000
1171,湯婆婆,ヒッ！,self,high,"Exclamation of surprise/shock with no clear addressee, indicating self-directed reaction.",0,0,0,0,0,0,0.0000
1172,坊,バーバ！,湯婆婆,high,坊 is calling out to his mother バーバ (湯婆婆) using a familiar term.,0,0,0,0,0,0,0.0000
1173,湯婆婆,坊ー！,坊,high,湯婆婆 is calling out to her son 坊 by name.,0,0,0,0,0,0,0.0000
1174,湯婆婆,ケガはなかったかい？ひどい目に遭ったね！,坊,high,湯婆婆 continues addressing 坊 directly with questions about his condition.,0,0,0,0,0,0,0.0000
1175,湯婆婆,ん？,坊,high,"短い発話 'ん？' is a response to 坊's apparent ability to stand alone, directed at him.",0,0,0,0,0,0,0.0000
1176,湯婆婆,坊、あなた１人で立てるようになったの？えっ？,坊,high,湯婆婆 is directly questioning 坊 about his newfound ability to stand.,0,0,0,0,0,0,0.0000
1177,ハク,湯バーバ様、約束です。,湯婆婆,high,ハク is formally addressing 湯婆婆 (calling her 湯バーバ様) with respect.,0,1,0,0,0,1,0.0909
1178,ハク,千尋と両親を人間の世界に戻してください。,湯婆婆,high,ハク continues addressing 湯婆婆 with a direct request using respectful language.,0,0,0,1,0,1,0.0500
1179,湯婆婆,フン！そう簡単には行かないよ。,ハク,high,"湯婆婆 is responding to ハク's request, addressing him implicitly through her refusal.",0,0,0,0,0,0,0.0000
1180,湯婆婆,世の中には決まりというものがあるんだ！,ハク,medium,"湯婆婆 is likely continuing to address ハク, explaining the rules that prevent her from granting his request.",0,0,0,0,0,0,0.0000
1181,一同,ブー！,group:bathhouse residents,high,一同 indicates collective speech from the assembled group booing in response to 湯婆婆's refusal.,0,0,0,0,0,0,0.0000
1182,湯婆婆,うるさいよ！,group:bathhouse residents,high,湯婆婆 is telling the noisy crowd (who just booed) to be quiet.,0,0,0,0,0,0,0.0000
1183,坊,バーバのケチ。もうやめなよ。,湯婆婆,high,"坊 directly addresses 湯婆婆 as 'バーバ' and calls her stingy, asking her to stop.",0,0,0,0,0,0,0.0000
1184,坊,とても面白かったよ、坊。,坊,high,"The line compliments 坊 by name, indicating 坊 is being spoken to about how interesting he was.",0,0,0,0,0,0,0.0000
1185,湯婆婆,で…でもさ、これは決まりなんだよ。じゃないと呪いが解けないんだよ。,ハク,medium,"湯婆婆 appears to be continuing her explanation to ハク who made the request, explaining the rules and curse.",0,0,0,0,0,0,0.0000
1186,坊,千を泣かしたら、バーバ嫌いになっちゃうからね。,湯婆婆,high,"坊 addresses 湯婆婆 as 'バーバ' directly, threatening that he'll hate her if she makes 千 cry.",0,0,0,0,0,0,0.0000
1187,湯婆婆,そ…そんな…。,坊,medium,湯婆婆's distressed response appears to be directed at 坊's threat/declaration.,0,0,0,0,0,0,0.0000
1188,千尋,おばあちゃん。,湯婆婆,high,千尋 directly addresses 湯婆婆 as 'おばあちゃん' (grandmother).,0,0,0,0,0,0,0.0000
1189,湯婆婆,おばあちゃん？,千尋,high,"湯婆婆 repeats and questions the title 千尋 just called her, so she's addressing 千尋.",0,0,0,0,0,0,0.0000
1190,千尋,今そっちへ行きます。,湯婆婆,high,"千尋 states she's going there now, responding to 湯婆婆's questioning in a continuation of their exchange.",1,0,0,0,0,1,0.1000
1191,千尋,掟のことはハクから聞きました。,湯婆婆,high,千尋 is reporting what she learned from ハク to 湯婆婆 who is present and listening.,1,0,0,0,0,1,0.0667
1192,湯婆婆,フン！いい覚悟だ。,千尋,high,湯婆婆 is responding to 千尋's statement and acknowledging her resolve.,0,0,0,0,0,0,0.0000
1193,湯婆婆,これはお前の契約書だよ。こっちへおいで。,千尋,high,"湯婆婆 is speaking directly to 千尋, showing her a contract and beckoning her closer.",0,0,0,0,0,0,0.0000
1194,湯婆婆,坊、すぐ終わるからね。,坊,high,"湯婆婆 is reassuring 坊 that the task will be quick, addressing him by name.",0,0,0,0,0,0,0.0000
1195,千尋,大丈夫よ。,湯婆婆,high,千尋 is reassuring 湯婆婆 in response to the challenge being presented.,0,0,0,0,0,0,0.0000
1196,湯婆婆,この中からお前のお父さんとお母さんを見つけな。,千尋,high,"湯婆婆 is giving 千尋 instructions for the test, addressing her directly.",0,0,0,0,0,0,0.0000
1197,湯婆婆,チャンスは１回だ。,千尋,high,湯婆婆 continues explaining the rules of the test to 千尋.,0,0,0,0,0,0,0.0000
1198,湯婆婆,ピタリと当てられたら、お前達は自由だよ。,千尋,high,湯婆婆 is stating the reward if 千尋 succeeds in the test.,0,0,0,0,0,0,0.0000
1199,千尋,ん？おばあちゃん、ダメ。,湯婆婆,high,"千尋 is objecting to 湯婆婆's test, expressing doubt about the premise.",0,0,0,0,0,0,0.0000
1200,千尋,ここにはお父さんもお母さんもいないもん。,湯婆婆,high,千尋 continues explaining to 湯婆婆 why the test is impossible.,0,0,0,0,0,0,0.0000
1201,湯婆婆,いない？！それがお前の答えかい？,千尋,high,湯婆婆 is directly questioning 千尋's answer to the game.,0,0,0,0,0,0,0.0000
1202,千尋,うん。,湯婆婆,high,千尋 is responding affirmatively to 湯婆婆's question.,0,0,0,0,0,0,0.0000
1203,一同,大当たりー！,group:bathhouse residents,high,一同 (everyone together) celebrates the correct answer to the group.,0,0,0,0,0,0,0.0000
1204,千尋,みんな、ありがとう！,group:bathhouse residents,high,千尋 thanks everyone collectively for their help during the game.,0,0,0,0,0,0,0.0000
1205,湯婆婆,行きな！お前の勝ちだ。早く行っちまいな！,千尋,high,"湯婆婆 is directly addressing 千尋 with commands to leave, acknowledging her victory.",0,0,0,0,0,0,0.0000
1206,千尋,お世話になりました。,湯婆婆,high,千尋 is politely thanking 湯婆婆 for her time at the bathhouse.,1,0,0,0,0,1,0.1000
1207,湯婆婆,フン！,千尋,high,湯婆婆's dismissive grunt is a response to 千尋's polite farewell.,0,0,0,0,0,0,0.0000
1208,千尋,さようなら！,group:bathhouse residents,high,千尋 is saying goodbye to everyone at the bathhouse as she leaves.,0,0,0,0,0,0,0.0000
1209,千尋,ありがとう！,group:bathhouse residents,high,千尋 is thanking everyone as she departs.,0,0,0,0,0,0,0.0000
1210,坊,またねー！,千尋,high,坊 is saying goodbye to 千尋 as she leaves the bathhouse.,0,0,0,0,0,0,0.0000
1211,千尋,ハク！,ハク,high,千尋 is calling out to ハク by name.,0,0,0,0,0,0,0.0000
1212,ハク,行こう！,千尋,high,ハク is giving a command to 千尋 to go/leave.,0,0,0,0,0,0,0.0000
1213,千尋,お父さんとお母さんは？,ハク,high,千尋 is asking ハク a question about her parents.,0,0,0,0,0,0,0.0000
1214,ハク,先に行ってる。,千尋,high,ハク is answering 千尋's question about her parents going ahead.,0,0,0,0,0,0,0.0000
1215,千尋,水がない！,ハク,medium,千尋 states there's no water; likely expressing concern to ハク who is with her.,0,0,0,0,0,0,0.0000
1216,ハク,私はこの先には行けない。,千尋,high,ハク is explaining to 千尋 that he cannot go further.,0,0,0,0,0,0,0.0000
1217,ハク,千尋はもと来た道をたどればいいんだ。,千尋,high,ハク is instructing 千尋 on what she should do (follow the original path).,0,0,0,0,0,0,0.0000
1218,ハク,でも、決して振り向いちゃいけないよ。トンネルを出るまではね。,千尋,high,ハク is giving 千尋 a warning not to look back until exiting the tunnel.,0,0,0,0,0,0,0.0000
1219,千尋,ハクは？ハクはどうするの？,ハク,high,"千尋 is asking ハク what he will do, addressing him directly.",0,0,0,0,0,0,0.0000
1220,ハク,私は湯バーバと話をつけて弟子をやめる。,千尋,high,ハク is explaining to 千尋 his plan to resolve things with 湯婆婆 and quit being her apprentice.,0,0,0,0,0,0,0.0000
1221,ハク,り戻したから。,千尋,high,Haku is continuing his explanation to Chihiro about returning the name.,0,0,0,0,0,0,0.0000
1222,ハク,元の世界に私も戻るよ。,千尋,high,Haku is reassuring Chihiro that he will also return to his original world.,0,0,0,0,0,0,0.0000
1223,千尋,またどこかで会える？,ハク,high,Chihiro is asking Haku if they can meet again somewhere.,0,0,0,0,0,0,0.0000
1224,ハク,うん。きっと。,千尋,high,Haku is affirming to Chihiro that they will surely meet again.,0,0,0,0,0,0,0.0000
1225,千尋,きっとよ。,ハク,high,"Chihiro is echoing Haku's words back to him, affirming her belief.",0,0,0,0,0,0,0.0000
1226,ハク,きっと…。,千尋,high,Haku is reaffirming his promise to Chihiro that they will meet again.,0,0,0,0,0,0,0.0000
1227,ハク,さぁ、行きな。振り向かないで。,千尋,high,Haku is instructing Chihiro to leave and not to turn around.,0,0,0,0,0,0,0.0000
1228,お母さん,千尋！,千尋,high,Chihiro's mother is calling out to Chihiro by name.,0,0,0,0,0,0,0.0000
1229,千尋,あっ…。,self,high,This is Chihiro's exclamation of surprise upon hearing her mother's voice.,0,0,0,0,0,0,0.0000
1230,お母さん,何してるの？早く来なさい！,千尋,high,"Chihiro's mother is speaking to Chihiro, asking what she's doing and telling her to come quickly.",0,0,0,1,0,1,0.0769
1231,千尋,あっ！,self,high,Exclamation of realization; no addressee specified.,0,0,0,0,0,0,0.0000
1232,千尋,お母さん！お父さん！,group:parents,high,Calling out to both mother and father by name.,0,0,0,0,0,0,0.0000
1233,お母さん,ダメじゃない？急にいなくなっちゃ。,千尋,high,Mother directly addresses her daughter about disappearing.,0,0,0,0,0,0,0.0000
1234,お父さん,行くよ。,group:family,high,"Father's command to leave, implicitly addressed to family members.",0,0,0,0,0,0,0.0000
1235,千尋,お母さん、何ともないの？,お母さん,high,千尋 asks her mother directly if she's okay.,0,0,0,0,0,0,0.0000
1236,お母さん,えっ？引っ越しのトラック、もう着いちゃってるわよ。,千尋,high,Mother responds to 千尋's question about her condition.,0,0,0,0,0,0,0.0000
1237,千尋,あっ…。,self,high,Exclamation of realization; no addressee specified.,0,0,0,0,0,0,0.0000
1238,お父さん,千尋、早くおいで。,千尋,high,Father directly calls 千尋 by name to hurry.,0,0,0,0,0,0,0.0000
1239,お父さん,足元、気をつけな。,千尋,high,Father gives caution about footing to 千尋.,0,0,0,0,0,0,0.0000
1240,お母さん,千尋、そんなにくっつかないでよ。歩きにくいわ。,千尋,high,Mother addresses 千尋 directly about holding on too tightly.,0,0,0,0,0,0,0.0000
1241,お父さん,出口だよ。,千尋,high,Father is directing his daughter to the exit.,0,0,0,0,0,0,0.0000
1242,お父さん,あれ？,self,high,"Father's exclamation expressing surprise or realization, not directed at anyone.",0,0,0,0,0,0,0.0000
1243,お母さん,なぁに？,お父さん,high,Mother is asking father what he means by his previous exclamation.,0,0,0,0,0,0,0.0000
1244,お父さん,ひでぇ。,self,high,Father's expression of dismay upon discovering the dirty/neglected state of the exit.,0,0,0,0,0,0,0.0000
1245,お父さん,あっ、中もホコリだらけだ。,self,high,"Father's observation about dust inside, continuing his reaction to the condition.",0,0,0,0,0,0,0.0000
1246,お母さん,いたずら？,お父さん,high,Mother asking father if this is vandalism or a prank.,0,0,0,0,0,0,0.0000
1247,お父さん,かなぁ…。,self,high,"Father's uncertain response in monologue form, mumbling his thoughts.",0,0,0,0,0,0,0.0000
1248,お母さん,だから、やだって言ったのよ。,お父さん,high,Mother reminding father that she had warned against entering this tunnel.,0,0,0,0,0,0,0.0000
1249,お母さん,オーライ、オーライ。平気よ。,group:family,high,"Mother reassuring her family while driving, using directional words.",0,0,0,0,0,0,0.0000
1250,お父さん,千尋、行くよ。,千尋,high,Father instructing his daughter to come along as they leave.,0,0,0,0,0,0,0.0000
1251,お母さん,千尋、早くしなさい！,千尋,high,"The mother directly addresses Chihiro by name, commanding her to hurry up.",0,0,0,1,0,1,0.1000